Operator,Station,Lattitude,Longitude,Charger,AC,DC,Province
EAANYWHERE,MG Deelert Auto Car (Amnat Charoen),15.79754,104.633502,2,0,2,Amnat Charoen 
Elex by EGAT,กระทรวงการคลัง,13.781953,100.535048,2,2,0,Bangkok
Elex by EGAT,Homepro จรัญสนิทวงศ์,13.743951,100.47058,2,2,0,Bangkok
Elex by EGAT,Homepro พระราม 3,13.68693,100.519016,2,2,0,Bangkok
Elex by EGAT,Homepro พระราม 9,13.742699,100.613445,2,2,0,Bangkok
Elex by EGAT,Homepro เอกมัย-รามอินทรา,13.799243,100.614039,2,2,0,Bangkok
EVen,สำนักงานใหญ่ โชเซ่น เอ็นเนอร์จี้ จำกัด,13.74610461,100.6669586,1,1,0,Bangkok
EVen,เซ็นทาราเซ็นทรัลเวิล์ด,13.74768333,100.5383841,2,2,0,Bangkok
EVen,เซ็นทาราเซ็นทรัลลาดพร้าว,13.81792588,100.5603659,2,2,0,Bangkok
EVOLT,Abdulrahim Place,13.727156,100.53879,2,2,0,Bangkok
EVOLT,MOI RAMA6,13.764094,100.52716,3,1,2,Bangkok
EVOLT,DIP RAMA6,13.762979,100.527844,3,1,2,Bangkok
EVOLT,DIP KLUAYNAMTHAI,13.7097852,100.5858177,3,1,2,Bangkok
EVOLT,Major Cineplex Pinklao,13.778718,100.47785,1,1,0,Bangkok
EVOLT,Riverside plaza Bangkok,13.704865,100.4914,2,2,0,Bangkok
EVOLT,Bangkok city tower,13.721529,100.53119,2,2,0,Bangkok
EVOLT,ตลาดสามย่าน,13.736241,100.52369,3,2,1,Bangkok
EVOLT,CU terrace,13.740354,100.52536,1,1,0,Bangkok
EVOLT,Thammasat Tha Phra Chan Campus,13.757569,100.489908,1,1,0,Bangkok
EVOLT,Chula by Toyota,13.736064,100.53234,1,1,0,Bangkok
EVOLT,True Digital Park,13.685758,100.611101,4,4,0,Bangkok
EVOLT,66 Tower,13.6818711,100.6100112,8,6,2,Bangkok
EVOLT,5th element - The Emquatier,13.73254,100.57009,6,6,0,Bangkok
EVOLT,5th element - The Emporium,13.72968905,100.5682523,6,6,0,Bangkok
EVOLT,5th element - The Mall Bangkapi,13.7660558,100.6424919,6,6,0,Bangkok
EVOLT,5th element - The Mall Bangkae,13.71419407,100.40783,6,6,0,Bangkok
EVOLT,The Origin Ramintra 83,13.835257,100.666319,3,3,0,Bangkok
EVOLT,CAS centre,13.75668821,100.5617821,2,2,0,Bangkok
EVOLT,Merck Auto,13.699981,100.54545,3,1,2,Bangkok
EVOLT,The Origin Park Phayathai,13.77198895,100.5360352,2,2,0,Bangkok
EVOLT,Major Tower RR,13.74881155,100.6068578,2,2,0,Bangkok
EVOLT,All season place,13.73903414,100.5483353,2,2,0,Bangkok
EVOLT,Bangkok World,13.80600808,100.6923401,2,2,0,Bangkok
EVOLT,Capella Bangkok,13.71182765,100.5119225,2,2,0,Bangkok
EVOLT,Conrad hotel,13.73860683,100.5483062,2,2,0,Bangkok
EVOLT,Design Village Kaset-Nawamin,13.82138697,100.6338214,3,3,0,Bangkok
EVOLT,Gaysorn Plaza,13.74527478,100.5407933,2,2,0,Bangkok
EVOLT,Mercure Bangkok,13.72918125,100.5696058,2,2,0,Bangkok
EVOLT,Kmutt By Toyota,13.651966,100.492844,1,1,0,Bangkok
EVOLT,Knightsbridge Collage Ramkhamhaeng,13.76211889,100.6400317,2,2,0,Bangkok
EVOLT,MS Siam Tower,13.68620894,100.5472723,2,2,0,Bangkok
EVOLT,Paolo Hospital Phaholyothin,13.79235554,100.5501013,3,3,0,Bangkok
EVOLT,So-Sofitel Bangkok,13.72643939,100.5432989,2,2,0,Bangkok
EVOLT,True Digital Park,13.685758,100.611101,4,4,0,Bangkok
EVOLT,Major Tower TL,13.73221068,100.5830521,2,2,0,Bangkok
HAUP,SINGHA COMPLEX,13.74831524,100.5645784,11,11,0,Bangkok
HAUP,KMUTT,13.65148156,100.4964321,2,2,0,Bangkok
HAUP,KX Knowledge Exchange,13.7204167,100.4960057,3,1,2,Bangkok
HAUP,CU TERRACE,13.740297,100.525256,1,1,0,Bangkok
MEA,การไฟฟ้านครหลวง สาขาย่อยเพลินจิต,13.74436,100.543503,2,2,0,Bangkok
MEA,การไฟฟ้านครหลวง เขตวัดเลียบ,13.742023,100.500337,1,1,0,Bangkok
MEA,การไฟฟ้านครหลวง เขตบางขุนเทียน,13.655254,100.423976,1,1,0,Bangkok
MEA,การไฟฟ้านครหลวง เขตบางเขน,13.871041,100.594866,2,1,1,Bangkok
MEA,การไฟฟ้านครหลวง เขตธนบุรี,13.745345,100.471017,1,1,0,Bangkok
MEA,การไฟฟ้านครหลวง เขตลาดกระบัง,13.814818,100.746821,1,1,0,Bangkok
MEA,การไฟฟ้านครหลวง เขตบางกะปิ,13.744009,100.601519,1,1,0,Bangkok
MEA,การไฟฟ้านครหลวง เขตยานนาวา,13.693448,100.493047,1,1,0,Bangkok
MEA,การไฟฟ้านครหลวง เขตบางนา,13.676208,100.591483,2,2,0,Bangkok
MEA,การไฟฟ้านครหลวง เขตนวลจันทร์,13.819396,100.643762,2,2,0,Bangkok
MEA,การไฟฟ้านครหลวง เขตมีนบุรี,13.8121423,100.7081616,2,2,0,Bangkok
MEA,7-Eleven สาขา ซอยลาซาล,13.655552,100.645464,2,2,0,Bangkok
MEA,7-Eleven สาขา สน. บางขุนนนท์,13.770827,100.468564,2,2,0,Bangkok
MEA,หมู่บ้าน THER ลาดพร้าว 93,13.782082,100.624328,1,1,0,Bangkok
MEA,CP Tower สีลม,13.7276329,100.5327546,2,2,0,Bangkok
MEA,จุฬาลงกรณ์มหาวิทยาลัย,13.7395,100.528727,5,5,0,Bangkok
MEA,MBK EV Charging Station,13.7441804,100.529593,3,3,0,Bangkok
MEA,Blue EV charging station,13.780126,100.363994,3,3,0,Bangkok
MEA,ศูนย์บริการ MK Plus,13.706424,100.360172,2,2,0,Bangkok
MEA,สวนเบญจกิติ,13.732834,100.556496,2,2,0,Bangkok
MEA,หนองจอก Smart City,13.848545,100.889964,3,3,0,Bangkok
on-ion(ARUN+),ENCO Parking 2,13.81845,100.55685,21,21,0,Bangkok
on-ion(ARUN+),Crystal Design Center,13.8016678,100.6187274,3,3,0,Bangkok
on-ion(ARUN+),The Crystal Ekamai-Ramindra,13.8125666,100.6185711,4,4,0,Bangkok
on-ion(ARUN+),Pleanary Mall Watcharapol,13.8577823,100.6426752,3,3,0,Bangkok
on-ion(ARUN+),Sammakorn Place Ramkhamhaeng,13.7759928,100.673718,2,2,0,Bangkok
OR,PTT Station สาขาพระราม2 ขาออก,13.625336,100.393236,2,2,0,Bangkok
OR,PTT Station สาขาบรมราชชนนี ขาเข้า,13.782682,100.415593,2,2,0,Bangkok
OR,PTT Station สาขาสาขาราชพฤกษ์ 1,13.76198563,100.4444546,3,1,2,Bangkok
OR,PTT Station สาขาเอกมัย- รามอินทรา,13.79816015,100.6133096,1,1,0,Bangkok
OR,PTT Station สาขานวลจันทร์,13.82066276,100.643254,4,2,2,Bangkok
OR,PTT Station สาขามัยลาภ,13.841563,100.617943,1,1,0,Bangkok
OR,PTT Station สาขาราษฎร์บูรณะ ขาออก,13.683377,100.499078,3,1,2,Bangkok
OR,PTT Station สาขาลาดพร้าว-วังหิน,13.82190827,100.5913104,2,1,1,Bangkok
OR,PTT Station สาขาทุ่งครุ,13.6204626,100.4922736,1,1,0,Bangkok
OR,PTT Station สาขาแยกประชาอุทิศ ลาดพร้าว,13.771505,100.605169,4,2,2,Bangkok
OR,PTT Station สาขาวงแหวนกาญจนาภิเษก-ตลิ่งชัน,13.77405489,100.4076478,3,1,2,Bangkok
OR,PTT Station สาขาพัฒนาการ (ขาออก),13.725026,100.657905,3,1,2,Bangkok
OR,PTT Station สาขาพหลโยธิน กม.25,13.934263,100.625674,3,1,2,Bangkok
OR,PTT Station สาขาหนองแขม,13.70726,100.37025,3,1,2,Bangkok
OR,PTT Station สาขากาญจนาภิเษก-บางบอน,13.6720256,100.4051439,3,1,2,Bangkok
OR,PTT Station สาขามีนบุรี,13.819436,100.733949,3,1,2,Bangkok
OR,PTT Station สาขาเทพรักษ์,13.878698,100.63063,3,1,2,Bangkok
OR,PTT Station สาขาวิภาวดี (เดิม-สวัสดิการ ร.1 รอ.),13.77939,100.55613,3,1,2,Bangkok
OR,PTT Station สาขาสำนักงานปลัดกระทรวงกลาโหม(บางนาขาออก),13.68643061,100.6030681,3,1,2,Bangkok
OR,PTT Station สาขาสวัสดิการสำนักงานปลัดกระทรวงกลาโหม(บางนาขาเข้า),13.68625525,100.6017244,3,1,2,Bangkok
OR,PTT Station สาขาสรรพาวุธ-บางนา,13.6754919,100.5948296,3,1,2,Bangkok
OR,PTT Station สาขาสามย่าน,13.7346043,100.5248681,3,1,2,Bangkok
OR,สถานีบริการ NGV ปตท. กำแพงเพชร 2,13.803582,100.547996,2,0,2,Bangkok
OR,เจ เจ มอลล์,13.80205216,100.5489883,3,3,0,Bangkok
OR,เทอมินอล 21 อโศก,13.73813838,100.5606716,4,4,0,Bangkok
OR,สถานี สาขาอาคารวิทยกิตย์,13.74401206,100.5331198,4,4,0,Bangkok
OR,สถานี สาขาอาคารสยามสเคป,13.74555443,100.5309567,4,4,0,Bangkok
OR,สถานี สาขาลานจอดรถ CU Sport,13.74435918,100.5238783,4,4,0,Bangkok
OR,สถานี สาขาอุทยาน100 ปี จุฬา,13.73962711,100.5238593,3,3,0,Bangkok
OR,เดอะ พรอมานาด,13.826766,100.677135,4,4,0,Bangkok
OR,แฟชั่นไอส์แลนด์ เอ,13.8267452,100.6793637,3,3,0,Bangkok
OR,แฟชั่นไอส์แลนด์ ดี,13.826046,100.679895,4,4,0,Bangkok
OR,OR Space รามคำแหง 165,13.792521,100.701744,2,2,0,Bangkok
PumpCharge,สำนักงานใหญ่ การไฟฟ้าส่วนภูมิภาค กรุงเทพมหานคร,13.7658368,100.564992,2,2,0,Bangkok
PEA VOLTA,PEA VOLTA สำนักงานใหญ่,13.85042763,100.5585785,6,3,3,Bangkok
SHARGE,True Digital Park,13.68521444,100.6110795,2,2,0,Bangkok
SHARGE,Bitec Bang Na,13.66936107,100.6100792,6,6,0,Bangkok
SHARGE,Central Embassy,13.74391476,100.5458812,12,12,0,Bangkok
SHARGE,Central Chidlom,13.74412732,100.5445154,12,12,0,Bangkok
SHARGE,Singha Complex,13.7480547,100.5646213,11,11,0,Bangkok
SHARGE,BangKok Prep,13.71487458,100.6016068,2,2,0,Bangkok
SHARGE,Mori Haus,13.7149608,100.6024541,2,2,0,Bangkok
SHARGE,Khun By Yoo,13.73285346,100.5823623,4,4,0,Bangkok
SHARGE,The Line 101,13.69188524,100.6079969,4,4,0,Bangkok
SHARGE,The Line Jatuchak Mochit,13.805988,100.556302,4,4,0,Bangkok
SHARGE,The Line Ratchathewi,13.752354,100.533436,4,4,0,Bangkok
SHARGE,The Line pradiphat,13.790368,100.546059,4,4,0,Bangkok
SHARGE,The Line Wongsawang,13.8287629,100.5263142,4,4,0,Bangkok
SHARGE,The Line Phahonyothin Park,13.82049748,100.5661702,2,2,0,Bangkok
SHARGE,The Line Asoke-Ratchada,13.75593,100.563278,4,4,0,Bangkok
SHARGE,Kawa Haus,13.71472796,100.6047587,4,4,0,Bangkok
SHARGE,Oka Haus,13.71588657,100.5749262,2,2,0,Bangkok
SHARGE,XT Ekkamai,13.73359012,100.5872,2,2,0,Bangkok
SHARGE,XT Huaykwang,13.78032459,100.5741801,4,4,0,Bangkok
SHARGE,The Strand Thonglor,13.72566628,100.5795827,5,5,0,Bangkok
SHARGE,J Avenue,13.73563423,100.5817522,2,2,0,Bangkok
SHARGE,La Villa Ari,13.78162063,100.5452314,2,1,1,Bangkok
SHARGE,Ekkamai Power Center,13.72948291,100.585569,2,1,1,Bangkok
SHARGE,Market place Krungthep Kreetha,13.75660945,100.6669866,2,1,1,Bangkok
SHARGE,BCP SKV 62,13.69908846,100.6055474,2,0,2,Bangkok
SHARGE,Supalai Grand Tower Rama 3,13.68605474,100.546599,2,2,0,Bangkok
SHARGE,The Base Phetchaburi-Thonglor,13.7051139,100.5918941,2,2,0,Bangkok
SHARGE,The Base Garden rama 9,13.746852,100.606089,2,2,0,Bangkok
SHARGE,The Base Phetkasem,13.715941,100.447381,2,2,0,Bangkok
SHARGE,The Base Saphanmai,13.888217,100.604365,2,2,0,Bangkok
SHARGE,Denim Jatujak,13.7975,100.55701,6,6,0,Bangkok
SHARGE,K Village,13.72028789,100.5685546,6,6,0,Bangkok
SHARGE,Tops Pattanakarn 30,13.72985989,100.620225,2,2,0,Bangkok
SHARGE,Supalai Loft Prajadhipok - Wongwian Yai,13.72913,100.4944,2,2,0,Bangkok
SHARGE,Sasin School of Management,13.74245,100.52745,2,2,0,Bangkok
SHARGE,The Standard Mahanakhon,13.7234709,100.5282417,2,2,0,Bangkok
SHARGE,Esso Rama 9,13.74182805,100.6287521,3,1,2,Bangkok
SHARGE,Sindhorn Kempinski,13.73665474,100.5439106,6,6,0,Bangkok
SHARGE,Tops Sukhumvit 39,13.74312393,100.5723654,2,2,0,Bangkok
SHARGE,Market place Dusit,13.77882672,100.5078463,2,2,0,Bangkok
SHARGE,Nawamin city avenue 1,13.83365339,100.6104311,2,2,0,Bangkok
SHARGE,Nawamin city avenue 2,13.83282131,100.6119796,2,2,0,Bangkok
SHARGE,Ideo Morph 38,13.72083864,100.5790122,2,2,0,Bangkok
SHARGE,Canapaya Residence,13.68821795,100.5144357,3,3,0,Bangkok
SHARGE,Metro Sky Wutthakat,13.71565234,100.4728676,4,4,0,Bangkok
SHARGE,Esplanade,13.76652,100.56952,2,2,0,Bangkok
SHARGE,Market Place Nanglinchee,13.71012,100.54296,1,1,0,Bangkok
EAANYWHERE,Max Valu คู้บอน,13.858493,100.68114,6,6,0,Bangkok
EAANYWHERE,Max Valu หลักสี่,13.88063,100.589941,6,6,0,Bangkok
EAANYWHERE,Max Valu สุขุมวิท 71,13.718832,100.596807,6,6,0,Bangkok
EAANYWHERE,"Bridgestone A.C.T (Thailand) Co.,Ltd. Bangbon Branch",13.670545,100.406773,4,2,2,Bangkok
EAANYWHERE,"Bridgestone A.C.T (Thailand) Co.,Ltd. Nawamin Branch",13.814645,100.652351,3,1,2,Bangkok
EAANYWHERE,"Bridgestone A.C.T (Thailand) Co.,Ltd. Nuanchan Branch",13.819406,100.643317,2,0,2,Bangkok
EAANYWHERE,"Bridgestone A.C.T (Thailand) Co.,Ltd. Charansanitwong 37 Branch",13.760332,100.470153,3,3,0,Bangkok
EAANYWHERE,"Bridgestone A.C.T (Thailand) Co.,Ltd. Kasemraj Branch",13.718328,100.567215,3,1,2,Bangkok
EAANYWHERE,"Bridgestone A.C.T (Thailand) Co.,Ltd. Makro Sathorn Branch",13.709774,100.535369,4,2,2,Bangkok
EAANYWHERE,"Bridgestone A.C.T (Thailand) Co.,Ltd. Wongsawang Branch",13.700544,100.646447,3,1,2,Bangkok
EAANYWHERE,"Bridgestone A.C.T (Thailand) Co.,Ltd. Bangna-Trad 2.5 Branch",13.669153,100.630411,3,1,2,Bangkok
EAANYWHERE,"Bridgestone A.C.T (Thailand) Co.,Ltd. Ratchadaphisek Branch",13.821773,100.574743,3,1,2,Bangkok
EAANYWHERE,Cockpit สาขาลาดพร้าว,13.777934,100.623521,2,0,2,Bangkok
EAANYWHERE,EMN Station,13.799602,100.575281,4,3,1,Bangkok
EAANYWHERE,JLR THAILAND  RAMA IV (Station 1),13.712681,100.586739,2,2,0,Bangkok
EAANYWHERE,JLR THAILAND RAMA IV (Station 2),13.712681,100.586739,2,0,2,Bangkok
EAANYWHERE,Mattani,13.734521,100.590171,2,0,2,Bangkok
EAANYWHERE,Ring the Bell Homemade cafe,13.720496,100.684688,2,2,0,Bangkok
EAANYWHERE,Siam Paragon,13.745764,100.53473,6,6,0,Bangkok
EAANYWHERE,Siam Car Park,13.746888,100.532255,6,6,0,Bangkok
EAANYWHERE,SPYDER AUTO BANGNA,13.664623,100.647837,3,1,2,Bangkok
EAANYWHERE,SUSCO สาขาเอกชัย,13.66693,100.41336,3,1,2,Bangkok
EAANYWHERE,SUSCO ราชพฤกษ์,13.76229,100.445505,3,1,2,Bangkok
EAANYWHERE,SUSCO บางประกอก (สำนักงานใหญ่),13.685865,100.494137,3,1,2,Bangkok
EAANYWHERE,SUSCO สาขาเสนานิคม,13.834291,100.57628,2,2,0,Bangkok
EAANYWHERE,SUSCO สาขา เพชรเกษม (บางแค2),13.712083,100.42033,3,1,2,Bangkok
EAANYWHERE,SUSCO สาขายานนาวา,13.679603,100.547685,3,1,2,Bangkok
EAANYWHERE,SUSCO สาขา ประชาอุทิศ 1,13.624978,100.50809,3,1,2,Bangkok
EAANYWHERE,SUSCO สาขาวงศ์สว่าง,13.822851,100.522771,3,1,2,Bangkok
EAANYWHERE,SUSCO สาขารัชดาภิเษก (ขาเข้า),13.768085,100.572318,3,1,2,Bangkok
EAANYWHERE,SUSCO สาขา วิภาวดี 1,13.802918,100.561303,3,1,2,Bangkok
EAANYWHERE,SUSCO สาขาปากท่อ กม.6,13.659461,100.433719,2,0,2,Bangkok
EAANYWHERE,SUSCO สาขา สุขาภิบาล 3/2,13.800374,100.71807,2,0,2,Bangkok
EAANYWHERE,SUSCO สาขาทับยาว,13.713704,100.813221,2,0,2,Bangkok
EAANYWHERE,SUSCO สาขาบางบำหรุ,13.785289,100.47129,2,0,2,Bangkok
EAANYWHERE,SUSCO สาขาบางบอน,13.6518,100.40594,2,0,2,Bangkok
EAANYWHERE,SUSCO กาญจนาภิเษก,13.732931,100.406431,3,1,2,Bangkok
EAANYWHERE,Vattana Auto Sale and Service,13.745866,100.580722,2,2,0,Bangkok
EAANYWHERE,อาคาร ซี.พี.ทาวเวอร์ 2,13.758519,100.565114,2,0,2,Bangkok
EAANYWHERE,ก๋วยเตี๋ยวเนื้อคุณอ้อม,13.852002,100.632081,2,2,0,Bangkok
EAANYWHERE,Saksit Alloy Group,13.776937,100.573384,3,1,2,Bangkok
EAANYWHERE,บริษัท ปทุมธานีคอนกรีต จำกัด,13.815106,100.515819,4,2,2,Bangkok
EAANYWHERE,SwimKidz (inthrawat),13.758118,100.437972,2,0,2,Bangkok
EAANYWHERE,ม่วงศิริ (บางบอน5),13.636886,100.366883,3,1,2,Bangkok
EAANYWHERE,44 GardenPlace ซ.พุทธบูชา 44,13.64823,100.487915,4,2,2,Bangkok
EAANYWHERE,ตลาด สุขรุ่งเรือง มาร์เก็ต,13.621166,100.488735,3,1,2,Bangkok
EAANYWHERE,อาคาร ตลาดหลักทรัพย์แห่งประเทศไทย (ลานจอดชั้น 2),13.763591,100.567745,3,3,0,Bangkok
EAANYWHERE,SCB สาขาเอกมัย,13.734604,100.587595,2,2,0,Bangkok
EAANYWHERE,SCB สาขา รามอินทรา กม. 4.5,13.854002,100.633457,3,1,2,Bangkok
EAANYWHERE,SCB สาขา เสรีไทย (สวนสยาม),13.795896,100.691478,3,1,2,Bangkok
EAANYWHERE,SCB สาขาบางจาก,13.696177,100.605927,2,2,0,Bangkok
EAANYWHERE,SCB สาขา เจริญนคร,13.716417,100.506104,3,3,0,Bangkok
EAANYWHERE,SCB สาขาตลาดพลู,13.720621,100.475762,3,1,2,Bangkok
EAANYWHERE,SCB สาขาบางเขน,13.827891,100.569009,3,1,2,Bangkok
EAANYWHERE,SCB สาขาถนนนวมินทร์,13.804935,100.647431,3,1,2,Bangkok
EAANYWHERE,SCB สาขาเพชรเกษม ซอย 114,13.705488,100.338832,2,2,0,Bangkok
EAANYWHERE,The Alcove Thonglor10,13.731097,100.586179,3,3,0,Bangkok
EAANYWHERE,Rhythm Sathorn,13.717813,100.516818,2,0,2,Bangkok
EAANYWHERE,Condo ศุภาลัยริเวอร์ เพลส (ถ.เจริญนคร),13.710567,100.502822,3,1,2,Bangkok
EAANYWHERE,THE PANO,13.671556,100.541921,3,3,0,Bangkok
EAANYWHERE,THE RIVER เจริญนคร,13.721553,100.510305,3,3,0,Bangkok
EAANYWHERE,เมโทร พาร์ค สาทร,13.709785,100.450589,2,0,2,Bangkok
EAANYWHERE,AEQUA Residence Sukhumvit 49,13.727674,100.575493,2,0,2,Bangkok
EAANYWHERE,Magnolias Waterfront Residences,13.727306,100.510499,2,1,1,Bangkok
EAANYWHERE,ORIENTAL TOWERS CONDOMINIUM (เอกมัยซอย12),13.730031,100.588835,3,1,2,Bangkok
EAANYWHERE,ROYCE Privata Residences ซอยสุขุมวิท23,13.740239,100.566031,3,1,2,Bangkok
EAANYWHERE,โรงแรม วาบัวร์ แอสโซเทล ( ลาดพร้าว 130 ),13.769092,100.631701,2,0,2,Bangkok
EAANYWHERE,ปั้มน้ำมัน ประชาอุทิศ ปิโตรเลี่ยม (ถ.ประชาอุทิศ),13.627212,100.505059,3,1,2,Bangkok
EAANYWHERE,ZY Walk,13.741238,100.524702,3,1,2,Bangkok
EAANYWHERE,บริษัท 909 มหาคุณ จำกัด,13.721812,100.761461,4,2,2,Bangkok
EAANYWHERE,Car Loft Auto Import,13.699445,100.647085,2,0,2,Bangkok
EAANYWHERE,ซีคอนสแควร์ (ศรีนครินทร์),13.694696,100.647763,3,1,2,Bangkok
EAANYWHERE,7-Eleven ประดิษฐ์มนูธรรม 27 (14909),13.833919,100.630648,2,0,2,Bangkok
EAANYWHERE,7-Eleven พุทธบูชา36 (11975),13.642927,100.479214,2,0,2,Bangkok
EAANYWHERE,7-Eleven ถนนพัฒนาชนบท 3 จุด2 (12089),13.73178,100.716077,2,0,2,Bangkok
EAANYWHERE,7-Eleven ชุมชนศักดิ์มงคลชัย (12093),13.634549,100.414358,2,0,2,Bangkok
EAANYWHERE,7-Eleven พัฒนาการ 38 กลางซอย(13440),13.731558,100.626596,2,0,2,Bangkok
EAANYWHERE,7-Eleven ท่าข้าม 11 (14359),13.64693,100.444103,2,0,2,Bangkok
EAANYWHERE,7-Eleven พระปิ่น 5 (ซอยรางโพธิ์) (14416),13.639777,100.391165,2,0,2,Bangkok
EAANYWHERE,7-Eleven รามคำแหง 170 (14446),13.797279,100.714516,2,0,2,Bangkok
EAANYWHERE,7-Eleven ลาซาล ซ.16 (14597),13.65849,100.6098,2,0,2,Bangkok
EAANYWHERE,7-Eleven ร่มเกล้า23 (5496),13.745205,100.746591,2,0,2,Bangkok
EAANYWHERE,7-Eleven สีตบุตร (7661),13.742579,100.521029,2,0,2,Bangkok
EAANYWHERE,Bizzo Bangna,13.670984,100.636102,2,0,2,Bangkok
EAANYWHERE,อารดา ทาวน์ อิน ทาวน์ (บ.ทรัพย์สิน อารดา จำกัด),13.765679,100.606936,2,2,0,Bangkok
EAANYWHERE,The Paseo Mall (สาขาลาดกระบัง) ST.1,13.721735,100.727302,4,2,2,Bangkok
EAANYWHERE,The Paseo Town (สาขารามคำแหง) ST.2,13.774233,100.666866,4,2,2,Bangkok
EAANYWHERE,The Paseo Park (สาขากาญจนาภิเษก) ST. 2,13.767229,100.405767,4,2,2,Bangkok
EAANYWHERE,The Paseo Park (สาขากาญจนาภิเษก) ST.3,13.765287,100.405394,4,2,2,Bangkok
EAANYWHERE,The Paseo Mall (สาขาลาดกระบัง) ST.2,13.720833,100.727039,3,3,0,Bangkok
EAANYWHERE,เอ็มไพร์ทาวเวอร์ (อาคารจอดรถชั้น B1),13.720536,100.530224,3,1,2,Bangkok
EAANYWHERE,208 วายเลสโร้ด ทาวเวอร์,13.739449,100.546436,2,0,2,Bangkok
EAANYWHERE,LPG ธัญสถิต ซอยร่มเกล้า 21/7,13.751357,100.746597,3,1,2,Bangkok
EAANYWHERE,The Park กรุงเทพกรีฑา,13.747003,100.660641,6,4,2,Bangkok
EAANYWHERE,ร้านอาหาร chocolate ville ถ.ประเสริฐมนูกิจ,13.811056,100.663809,4,2,2,Bangkok
EAANYWHERE,บิ๊กซี-Extra ลาดพร้าว 2,13.810139,100.569298,2,0,2,Bangkok
EAANYWHERE,บิ๊กซี เอ็กซ์ตร้า อ่อนนุช,13.709948,100.601667,2,0,2,Bangkok
EAANYWHERE,บิ๊กซี ราษฎร์บูรณะ,13.682779,100.500082,2,0,2,Bangkok
EAANYWHERE,บิ๊กซี สุขาภิบาล3,13.806783,100.726847,2,0,2,Bangkok
EAANYWHERE,บิ๊กซี หทัยราษฎร์,13.860382,100.720714,2,0,2,Bangkok
EAANYWHERE,บิ๊กซี หนองจอก,13.854351,100.854739,2,0,2,Bangkok
EAANYWHERE,บิ๊กซี มัยลาภ,13.848906,100.624068,2,0,2,Bangkok
EAANYWHERE,บิ๊กซี คู้บอน,13.841268,100.662285,2,0,2,Bangkok
EAANYWHERE,บิ๊กซี สุวินทวงศ์,13.817255,100.719781,2,0,2,Bangkok
EAANYWHERE,บิ๊กซี ร่มเกล้า,13.809868,100.737612,2,0,2,Bangkok
EAANYWHERE,บิ๊กซี ดาวคะนอง,13.699646,100.483695,2,0,2,Bangkok
EAANYWHERE,บริษัท Eastern Group (ซอยโยธินพัฒนา 3 แยก2),13.810944,100.625551,3,1,2,Bangkok
EAANYWHERE,โรงแรมบ้านสวนรัชดาเรสซิเด้นท์ ซ.ลาดพร้าว64,13.788803,100.590917,4,2,2,Bangkok
EAANYWHERE,พงษ์ตระกูล เพอเฟ็ค แลนด์ ซอยพุทธบูชา 39,13.650414,100.481941,2,0,2,Bangkok
EAANYWHERE,พงษ์ตระกูล เพอเฟ็ค แลนด์ ซอยพุทธบูชา36,13.640591,100.478148,3,1,2,Bangkok
EAANYWHERE,People Park,13.711974,100.608212,3,3,0,Bangkok
EAANYWHERE,One One Food Avenue (ถนนซอยสามัคคี),13.877647,100.549786,3,1,2,Bangkok
EAANYWHERE,ปั้มน้ำมัน รวยเป๋าตุง จำกัด,13.942905,100.623263,2,0,2,Bangkok
EAANYWHERE,บริษัท เกตุวานิช อุตสาหกรรม จำกัด,13.632981,100.427775,4,2,2,Bangkok
EAANYWHERE,The Bloc (Ratchaphruek),13.768419,100.444822,2,0,2,Bangkok
EAANYWHERE,ศูนย์การค้า Whizdom 101 (ลานจอดชั้นB2),13.686261,100.612057,6,6,0,Bangkok
EAANYWHERE,ศูนย์การค้า Whizdom 101 ( Station2 อาคารจอดรถชั้น3 ),13.68592,100.612994,3,3,0,Bangkok
EAANYWHERE,บริษัท วีอาร์ ออโต้ สปา จำกัด,13.921255,100.654383,4,2,2,Bangkok
EAANYWHERE,ศิลา ฟิวเจอร์ จำกัด,13.847606,100.637679,2,0,2,Bangkok
EAANYWHERE,ศิลาตาก แกรนิต,13.781642,100.418172,2,2,0,Bangkok
EAANYWHERE,ปั้มน้ำมัน ส. เจริญพร บริการ จำกัด,13.873995,100.621308,3,1,2,Bangkok
EAANYWHERE,คาลเท็กซ์ เพชรพระเทพ,13.752084,100.448974,2,0,2,Bangkok
EAANYWHERE,อาคารจอดรถ สยามกลการ มอเตอร์ ปทุมวัน ลานจอดชั้น1,13.747243,100.52851,2,2,0,Bangkok
EAANYWHERE,NOVOTEL Siam Hotel (ลานจอดชั้น B1),13.744307,100.534728,4,4,0,Bangkok
EAANYWHERE,The Phyll (Sukhumvit 54),13.701863,100.600705,4,2,2,Bangkok
EAANYWHERE,สวนลุมไนท์บาซาร์รัชดาภิเษก ST.1,13.80407,100.574523,3,3,0,Bangkok
EAANYWHERE,VICTORIA GARDENS STATION 2,13.70721,100.375928,2,2,0,Bangkok
EAANYWHERE,VICTORIA GARDENS STATION 3,13.706722,100.374582,3,3,0,Bangkok
EAANYWHERE,อาคารจอดรถหมอมีพัฒนา,13.741941,100.514109,3,3,0,Bangkok
EAANYWHERE,CDC 1,13.804757,100.514109,6,6,0,Bangkok
EAANYWHERE,CDC 2,13.805706,100.618944,6,6,0,Bangkok
EAANYWHERE,CDC 3,13.802867,100.619184,6,6,0,Bangkok
EAANYWHERE,CDC 4,13.801969,100.619263,6,6,0,Bangkok
EAANYWHERE,สัมมากรเพลส ซ.รามคำแหง 110 ST.1,13.776782,100.673481,3,3,0,Bangkok
EAANYWHERE,สัมมากรเพลส ซ.รามคำแหง 110 ST. 2,13.775742,100.674764,3,3,0,Bangkok
EAANYWHERE,Plearnary Mall (Watcharaphon),13.858407,100.644197,3,2,1,Bangkok
EAANYWHERE,THE CRYSTAL PARK (Ekamai-Ramintra),13.811493,100.619834,3,2,1,Bangkok
EAANYWHERE,โชว์รูม อัศวยนต์ สาขานวมินทร์,13.818259,100.637113,3,1,2,Bangkok
EAANYWHERE,อาคาร อาคเนย์ประกันภัย จำกัด,13.727318,100.532229,3,1,2,Bangkok
EAANYWHERE,THE Walk Kaset-Nawamin,13.828354,100.627014,6,6,0,Bangkok
EAANYWHERE,Index Living Mall สาขาบางนา,13.665111,100.650286,4,2,2,Bangkok
EAANYWHERE,Samyan Mitrtown (Parking B2),13.733898,100.528156,2,2,0,Bangkok
EAANYWHERE,The PARQ (Station 1),13.721135,100.557874,7,3,4,Bangkok
EAANYWHERE,The PARQ (Station2),13.72131,100.558884,12,12,0,Bangkok
EAANYWHERE,มังกรพลาซ่า แยกไปรษณีย์มีนบุรี,13.820733,100.73597,3,1,2,Bangkok
EAANYWHERE,ศูนย์การค้า EASE PARK รามอินทรา,13.856239,100.62934,3,1,2,Bangkok
EAANYWHERE,CALTEX เจ้าคุณ ออยล์ เจ้าคุณทหาร,13.753907,100.767286,2,0,2,Bangkok
EAANYWHERE,CALTEX รามอินทรา กม.14,13.812495,100.709057,2,0,2,Bangkok
EAANYWHERE,MG เซคลวอญ่า สาขารามอินทรา,13.822656,100.679945,2,0,2,Bangkok
EAANYWHERE,B AUTOHAUS (Viphavadi Rangsit Road),13.807589,100.560448,4,2,2,Bangkok
EAANYWHERE,บริษัท เบสท์ เอ็นเนอร์ยี่ พลัส จำกัด สาขา 14 (มีนบุรี),13.814577,100.719542,2,2,0,Bangkok
EAANYWHERE,บริษัท เบสท์ เอ็นเนอร์ยี่ พลัส จำกัด สาขา 16 (หนองบอน),13.694531,100.672389,3,1,2,Bangkok
EAANYWHERE,บริษัท เบสท์ เอ็นเนอร์ยี่ พลัส จำกัด สาขา 19 (รามอินทรา กม.3),13.862064,100.619509,3,1,2,Bangkok
EAANYWHERE,บริษัท เบสท์ เอ็นเนอร์ยี่ พลัส จำกัด สาขา 20 (ลาดกระบัง),13.722308,100.735811,3,1,2,Bangkok
EAANYWHERE,บริษัท เบสท์ เอ็นเนอร์ยี่ พลัส จำกัด สาขา 22 (บางนาขาเข้า),13.668863,100.626748,3,1,2,Bangkok
EAANYWHERE,TC footballclub Rama 3,13.68431,100.522349,2,0,2,Bangkok
EAANYWHERE,เมืองไทยประกันภัย จำกัด,13.785694,100.57506,2,0,2,Bangkok
EAANYWHERE,ROHMAH MALL,13.769676,100.590188,2,0,2,Bangkok
EAANYWHERE,ศูนย์การค้า SENA Fest ถ.เจริญนคร,13.719416,100.507575,4,2,2,Bangkok
EAANYWHERE,ตลาดเอซี พลาซ่า สายไหม,13.922011,100.642749,2,0,2,Bangkok
EAANYWHERE,The Explace Mall (Kanchanapisek),13.694502,100.408105,2,0,2,Bangkok
EAANYWHERE,ST MOTOR SRORTS ถ.สุวินทวงศ์,13.809473,100.808759,3,1,2,Bangkok
EAANYWHERE,ESSO PETCHAKASEM 39,13.712268,100.42978,2,0,2,Bangkok
EAANYWHERE,ESSO Pinklao,13.784968,100.461259,2,0,2,Bangkok
EAANYWHERE,อาคาร AIA capital center (ลานจอดชั้น 2),13.76447,100.568253,4,4,0,Bangkok
EAANYWHERE,เอ็ม.เอส. ปิโตรเลียม จำกัด,13.712685,100.363691,3,1,2,Bangkok
EAANYWHERE,"MG 824 Co.,Ltd",13.743377,100.447065,2,0,2,Bangkok
EAANYWHERE,MG Krungthep Suwinthawong,13.809549,100.803471,2,0,2,Bangkok
EAANYWHERE,MG Phranakorn (Kanchanaphaisek),13.737121,100.406239,2,0,2,Bangkok
EAANYWHERE,MG รุ่งเจริญ สาขาลาดกระบัง,13.722254,100.734428,2,0,2,Bangkok
EAANYWHERE,MG Wimio (Suanlang Branch),13.727505,100.641852,2,0,2,Bangkok
EAANYWHERE,MG Service Center Onnut,13.708782,100.620698,2,0,2,Bangkok
EAANYWHERE,MG KRUNGTHAI (Km.1),13.671104,100.615361,2,0,2,Bangkok
EAANYWHERE,Grand Mandarin Residence (ลาดพร้าว130),13.770591,100.631855,3,3,0,Bangkok
EAANYWHERE,โชว์รูมเกียร์ธนบุรี (ตลิ่งชัน),13.780855,100.433377,2,0,2,Bangkok
EAANYWHERE,K-space Mini Mall ถ.สุขาภิบาล2,13.699083,100.705073,2,0,2,Bangkok
EAANYWHERE,อาคาร FYI (Station 2) ลานจอด B1,13.72058,100.560017,3,3,0,Bangkok
EAANYWHERE,ศูนย์การค้า Habito Mall ถ.สุขุมวิท71,13.712975,100.600755,3,1,2,Bangkok
EAANYWHERE,Omni Business Mall (Latphrao116),13.779194,100.620841,2,0,2,Bangkok
EAANYWHERE,HAPPY HUB SPORT AND RECREATION (ถนนสุคนธสวัสดิ์),13.835864,100.628302,2,0,2,Bangkok
EAANYWHERE,โรงพยาบาลพระราม 9,13.75339,100.570968,3,1,2,Bangkok
EAANYWHERE,CALTEX ไทรทองรุ่งเรือง บางบอน 5,13.6402,100.374563,2,0,2,Bangkok
EAANYWHERE,KRONOS TOWER (FLOOR G) St.1,13.725044,100.538724,2,0,2,Bangkok
EAANYWHERE,KRONOS TOWER (FLOOR 2) St.2-1,13.72482,100.538481,6,5,1,Bangkok
EAANYWHERE,KRONOS TOWER (FLOOR 2) St.2-2,13.724709,100.53859,4,4,0,Bangkok
EAANYWHERE,ICONSIAM (B1 Zone Gold),13.726441,100.510086,10,10,0,Bangkok
EAANYWHERE,อาคารหลักสี่พลาซ่า (ไอที หลักสี่),13.886412,100.581202,2,0,2,Bangkok
EAANYWHERE,บริษัทปูนซิเมนต์ไทย จำกัด บางซื่อ,13.803691,100.538499,4,2,2,Bangkok
EAANYWHERE,ร้านอาหารครัวในซอย ซ.จรํญสนิทวงค์ 75,13.790473,100.490014,3,1,2,Bangkok
EAANYWHERE,สถานบันบัณฑิตพัฒนบริหารศาสตร์ (ม.นิด้า),13.770734,100.65396,4,2,2,Bangkok
EAANYWHERE,หจก. พีอาร์กรุ๊ป 1998,13.719229,100.79471,3,1,2,Bangkok
EAANYWHERE,Winning Seven Soccer Club สาย 1,13.758716,100.419926,3,1,2,Bangkok
EAANYWHERE,Sunset Place (งามวงศ์วาน 43),13.859552,100.548704,2,2,0,Bangkok
EAANYWHERE,อาคารจอดรถ จามจุรีสแควร์ ชั้น 7,13.73299,100.530401,4,3,1,Bangkok
EAANYWHERE,อาคารชุด เลอรัก คอนโดมิเนียม อาคารบี (สกาย วอร์ค),13.713933,100.593392,2,2,0,Bangkok
EAANYWHERE,@Patt ถนนพัฒนาการ,13.737403,100.625587,3,1,2,Bangkok
EAANYWHERE,โรงพยาบาล วิภาวดี (ถ.งามวงศ์วาน) ST.1,13.846654,100.562556,1,1,0,Bangkok
EAANYWHERE,โรงพยาบาลสมิติเวช สุขุมวิท49,13.735062,100.576624,3,3,0,Bangkok
Elex by EGAT,PT นางรอง,14.633484,102.798905,2,0,2,Buri Ram 
OR,PTT Station หจก.มานะ-เสริมพล ปิโตรเลียม,14.63480946,102.7457917,3,1,2,Buri Ram 
OR,PTT Station บจ.ร่วมใจบริการ (2002),14.63474718,102.784474,3,1,2,Buri Ram 
OR,PTT Station สาขาเมืองบุรีรัมย์,14.963753,103.095685,3,1,2,Buri Ram 
PEA VOLTA,PEA VOLTA บางจาก ประโคนชัย,14.611971,103.057427,5,1,4,Buri Ram 
PEA VOLTA,PEA VOLTA บางจาก เมืองบุรีรัมย์ (คูเมือง-พุทไธสง),15.053641,103.084562,5,1,4,Buri Ram 
EAANYWHERE,MG ไฮเทค ทีแอนด์เอ็น บุรีรัมย์,14.967098,103.059429,2,0,2,Buri Ram 
EAANYWHERE,"MG HITECH T&amp;N Co.,LTD (Nangrong) (2100126)",14.632438,102.814643,2,0,2,Buri Ram 
EAANYWHERE,ROBINSON บุรีรัมย์,14.973103,103.064246,2,0,2,Buri Ram 
Elex by EGAT,โรงไฟฟ้าบางปะกง,13.495069,101.023054,1,0,1,Chachoengsao 
EAANYWHERE,บริษัท ดูโฮม จำกัด (มหาชน) สาขาบางนา-ตราด,13.564753,100.941472,3,3,0,Chachoengsao 
EAANYWHERE,FN Factory Outlet สาขาฉะเชิงเทรา (Chachoengsao),13.601652,101.02101,3,1,2,Chachoengsao 
EAANYWHERE,ณัฐชนน ฟาร์ม รีสอร์ท จ.ชัยนาท,15.217633,100.115591,4,2,2,Chai Nat 
EAANYWHERE,ชัยนาท รีสอร์ท จ.ชัยนาท,15.190431,100.131758,3,1,2,Chai Nat 
EAANYWHERE,บริษัท แฟนตาซี รีสอร์ท จำกัด จ.ชัยนาท,15.218229,100.168941,3,1,2,Chai Nat 
EAANYWHERE,สุวรรณาริเวอร์ไซด์รีสอร์ท (จ.ชัยนาท),15.167415,100.134198,3,1,2,Chai Nat 
EAANYWHERE,ROBINSON ชัยภูมิ,15.788194,102.032721,2,0,2,Chaiyaphum 
Elex by EGAT,PT ท่าใหม่5,12.649677,102.030855,2,0,2,Chanthaburi 
OR,PTT Station บจ.สงวนสิน เอ็นเนอร์ยี่,12.658874,102.061395,3,1,2,Chanthaburi 
PEA VOLTA,PEA VOLTA บางจาก ท่าใหม่,12.711805,101.982054,5,1,4,Chanthaburi 
EAANYWHERE,ROBINSON จันทบุรี,12.599821,102.115645,2,2,0,Chanthaburi 
EAANYWHERE,MG Chanthaburi,12.620122,102.104563,2,0,2,Chanthaburi 
Elex by EGAT,PT เชียงใหม่8,18.766139,98.975967,2,0,2,Chiang Mai 
EVOLT,IPC 1,18.7913439,99.0179548,3,1,2,Chiang Mai 
EVOLT,CMU by Toyota,18.79602888,98.95263335,1,1,0,Chiang Mai 
OR,PTT Station สาขาสารภี,18.66963249,99.05186935,4,2,2,Chiang Mai 
OR,PTT Station สาขาหายยา,18.76796643,98.9835402,3,1,2,Chiang Mai 
OR,PTT Station สาขาสันกำแพง,18.751105,99.063136,3,1,2,Chiang Mai 
PumpCharge,การไฟฟ้าส่วนภูมิภาค เชียงใหม่,18.77385404,99.00716295,2,2,0,Chiang Mai 
PumpCharge,การไฟฟ้าเขต 1 เชียงใหม่,18.77354307,99.0068745,4,4,0,Chiang Mai 
PumpCharge,บจก.พีค เพาเวอร์ มอเตอร์ จำกัด เชียงใหม่,18.776979,99.020392,4,4,0,Chiang Mai 
PumpCharge,มหาวิทยาลัยฟาร์อีสเทอร์น,18.7713471,98.97520754,4,4,0,Chiang Mai 
PumpCharge,Tiger Kingdom,18.92476268,98.93204928,2,2,0,Chiang Mai 
PEA VOLTA,PEA VOLTA บางจาก จอมทอง,18.431272,98.68366,5,1,4,Chiang Mai 
PEA VOLTA,PEA VOLTA บางจาก ซุปเปอร์ไฮเวย์เชียงใหม่,18.79156,99.024251,5,1,4,Chiang Mai 
PEA VOLTA,PEA VOLTA บางจาก แม่ริม,18.9011,98.94993,5,1,4,Chiang Mai 
PEA VOLTA,PEA VOLTA บางจาก ดอยสะเก็ด,18.873265,99.13353,5,1,4,Chiang Mai 
SHARGE,D Condo Rin Chiang Mai,18.80799764,99.01616732,2,2,0,Chiang Mai 
SHARGE,The Spring Condo Loft,18.99650681,98.99788162,1,1,0,Chiang Mai 
SHARGE,Chiangmai Oil Bangchak station - Outer ring road,18.74785,99.0191,1,1,0,Chiang Mai 
EAANYWHERE,My Hip Condo 2 (เชียงใหม่),18.800042,99.024041,2,0,2,Chiang Mai 
EAANYWHERE,ชนะศิลป์มอเตอร์ จำกัด (จ.เชียงใหม่),18.789939,99.024376,3,3,0,Chiang Mai 
EAANYWHERE,DK. PARK (Chiang Mai),18.767859,98.983965,2,2,0,Chiang Mai 
EAANYWHERE,บริษัท ดูโฮม จำกัด (มหาชน) สาขาเชียงใหม่,18.666209,99.050117,3,3,0,Chiang Mai 
EAANYWHERE,ฟอร์ตี้ ไนน์,18.740252,98.93572,2,0,2,Chiang Mai 
EAANYWHERE,KM Hotel Chiang Mai,18.763481,98.949941,2,2,0,Chiang Mai 
EAANYWHERE,CALTEX เอ็ม เอ็นเนอร์จี้,18.778977,99.06931,2,0,2,Chiang Mai 
Elex by EGAT,PT ถ.เลี่ยงเมืองเชียงราย1,19.874148,99.847052,2,0,2,Chiang Rai 
OR,PTT Station บจ.เคยูออยล์ (CODO),19.90330518,99.84102491,3,1,2,Chiang Rai 
PEA VOLTA,PEA VOLTA บางจาก แม่ลาว,19.754222,99.731283,5,1,4,Chiang Rai 
Elex by EGAT,โรงพยาบาลกรุงเทพ พัทยา BDMS,12.953918,100.905935,4,2,2,Chon Buri 
Elex by EGAT,PT บางพระ,13.24819156,100.9343106,2,0,2,Chon Buri 
EVOLT,Ana Anan Resort&amp;Village Pattaya,12.84004186,100.9066766,1,1,0,Chon Buri 
EVOLT,The Oxygen Beachfront Oasis By Toyota,12.91884894,100.8574093,1,1,0,Chon Buri 
EVOLT,The Sky Gallery By Toyota,12.92153157,100.859509,1,1,0,Chon Buri 
OR,PTT Station สาขาแยกหาดจอมเทียน,12.882359,100.898697,4,2,2,Chon Buri 
OR,สถานีบริการ LPG ปตท. บจก.ชยาภิวัฒน์,13.34036686,101.0519607,3,1,2,Chon Buri 
OR,เทอร์มินอล 21 พัทยา,12.9497702,100.8874994,3,3,0,Chon Buri 
PEA VOLTA,PEA VOLTA บางจาก บายพาสชลบุรี,13.413579,100.999581,5,1,4,Chon Buri 
PEA VOLTA,PEA VOLTA บางจาก บ้านบึง,13.331942,101.082872,5,1,4,Chon Buri 
PEA VOLTA,PEA VOLTA บางจาก นาเกลือ,12.964252,100.910184,5,1,4,Chon Buri 
PEA VOLTA,PEA VOLTA บางจาก เมืองชลบุรี,13.36191,101.015691,5,1,4,Chon Buri 
PEA VOLTA,PEA VOLTA บางจาก วังจันทร์,13.038284,101.434814,5,1,4,Chon Buri 
PEA VOLTA,PEA VOLTA ชลบุรี,13.32859802,100.9516296,6,2,4,Chon Buri 
PEA VOLTA,PEA VOLTA พัทยาใต้,12.92267895,100.8840332,3,1,2,Chon Buri 
SHARGE,D Condo Sriracha,13.12636565,100.9179576,2,2,0,Chon Buri 
SHARGE,Edge Pattaya,12.93108248,100.8822436,2,2,0,Chon Buri 
EAANYWHERE,Max Valu ศรีราชา,13.166674,100.934938,2,2,0,Chon Buri 
EAANYWHERE,"Bridgestone A.C.T (Thailand) Co.,Ltd. PATTAYA Branch",12.890944,100.89759,2,2,0,Chon Buri 
EAANYWHERE,พลูตาหลวง-อู่ตะเภา,12.695681,100.976415,2,0,2,Chon Buri 
EAANYWHERE,ศูนย์การค้า ซีซั่น ไลฟ์ (ศรีราชา),13.150205,101.017345,3,1,2,Chon Buri 
EAANYWHERE,7-Eleven ธาราพัทยา (10000),12.919872,100.89026,2,0,2,Chon Buri 
EAANYWHERE,ทีไอเอ็ม เอ็นเนอร์จี,13.022475,101.1488,2,0,2,Chon Buri 
EAANYWHERE,Pattana Golf Club ศรีราชา,13.085995,101.14515,4,2,2,Chon Buri 
EAANYWHERE,Morino Hotel Si Racha,13.119127,100.999661,2,0,2,Chon Buri 
EAANYWHERE,CALTEX พัทยา-นาจอมเทียน,12.832686,100.913753,2,0,2,Chon Buri 
EAANYWHERE,โรงพยาบาลสมิติเวช ชลบุรี,13.344338,100.975588,2,2,0,Chon Buri 
EAANYWHERE,ปั้มน้ำมันสยามคันทรีคลับ พัทยา,12.91277,100.992656,2,2,0,Chon Buri 
EAANYWHERE,Siam Country Club Pattaya Old Course,12.916087,100.987972,2,2,0,Chon Buri 
EAANYWHERE,Index Living Mall สาขาพัทยา,12.93524,100.90132,2,2,0,Chon Buri 
EAANYWHERE,FN Factory Outlet สาขาศรีราชา (SRIRACHA),13.191868,100.998142,2,2,0,Chon Buri 
EAANYWHERE,ศูนย์การค้าแปซิฟิค พาร์ค ศรีราชา (อาคารจอดด้านหลัง P2),13.167714,100.929666,2,0,2,Chon Buri 
OR,PTT Station สาขาท่าแซะ,10.678326,99.20248,3,1,2,Chumphon 
OR,PTT Station หจก.เค.ที.ทุ่งคาปิโตรเลียม,10.4223285,99.13082355,3,1,2,Chumphon 
PEA VOLTA,PEA VOLTA บางจาก ละแม,9.774321,99.078615,5,1,4,Chumphon 
PEA VOLTA,PEA VOLTA บางจาก ท่าแซะ,10.593375,99.123183,5,1,4,Chumphon 
OR,PTT Station บจ.ธรรมรัตน์ ปิโตรเลียม,16.47055704,99.49570506,3,1,2,Kamphaeng Phet 
PEA VOLTA,PEA VOLTA บางจาก คลองขลุง,16.209973,99.703566,5,1,4,Kamphaeng Phet 
EAANYWHERE,MG กำแพงเพชร,16.438343,99.510322,2,0,2,Kamphaeng Phet 
EAANYWHERE,ROBINSON กำแพงเพชร,16.476111,99.549222,3,1,2,Kamphaeng Phet 
EAANYWHERE,หจก. กำแพงเพชรยนต์ภัณฑ์ จ.กำแพงเพชร,16.352862,99.580757,2,2,0,Kamphaeng Phet 
Elex by EGAT,เขื่อนศรีนครินทร์,14.400453,99.120781,2,2,0,Kanchanaburi 
Elex by EGAT,เขื่อนชิราลงกรณ์,14.782997,98.593418,2,2,0,Kanchanaburi 
Elex by EGAT,PT บ้านใต้,14.016689,99.534364,2,0,2,Kanchanaburi 
EVOLT,Din cafe,14.05668513,99.48265424,2,2,0,Kanchanaburi 
EVOLT,Keeree Mantra Restaurant,14.04968483,99.43948624,2,2,0,Kanchanaburi 
EVOLT,Keeree Tara Restaurant,14.04500957,99.50264576,1,1,0,Kanchanaburi 
OR,PTT Station สาขาท่ามะขาม,14.05404642,99.50108977,3,1,2,Kanchanaburi 
PEA VOLTA,PEA VOLTA บางจาก ท่าม่วง (ติดโฮมโปร กาญจนบุรี),13.994435,99.560766,5,1,4,Kanchanaburi 
EAANYWHERE,เลค เฮฟเว่น รีสอร์ท (จ.กาญจนบุรี),14.431049,99.127515,4,2,2,Kanchanaburi 
EAANYWHERE,เฮฟเว่น แคว รีสอร์ท (ไทรโยค) จ.กาญจนบุรี,14.111251,99.131227,4,2,2,Kanchanaburi 
Elex by EGAT,โรงไฟฟ้าน้ำพอง,16.679187,102.737605,1,0,1,Khon Kaen 
Elex by EGAT,PT บ้านไผ่4,16.096594,102.732042,2,0,2,Khon Kaen 
EVOLT,IPC 5,16.563125,102.8227625,3,1,2,Khon Kaen 
OR,PTT Station สาขาเมืองขอนแก่น,16.41328176,102.8187419,3,1,2,Khon Kaen 
OR,PTT Station สาขาเมืองขอนแก่น 2,16.451573,102.830957,3,1,2,Khon Kaen 
OR,PTT Station สาขาบ้านไผ่,16.02262265,102.7089972,3,1,2,Khon Kaen 
PEA VOLTA,PEA VOLTA บางจาก พล,15.723708,102.592262,5,1,4,Khon Kaen 
PEA VOLTA,PEA VOLTA บางจาก เมืองขอนแก่น (แยกเมืองเก่า),16.37999,102.810791,5,1,4,Khon Kaen 
PEA VOLTA,PEA VOLTA บางจาก เมืองขอนแก่น (มิตรภาพ กม.348),16.5194778,102.8319109,5,1,4,Khon Kaen 
EAANYWHERE,บริษัท ดูโฮม จำกัด (มหาชน) สาขาขอนแก่น,16.516965,102.834995,3,3,0,Khon Kaen 
EVOLT,Deevana Plaza Krabi,8.0424294,98.817982,1,1,0,Krabi 
OR,PTT Station สาขาสนามบินกระบี่,8.102694,98.967472,3,1,2,Krabi 
PEA VOLTA,PEA VOLTA บางจาก เมืองกระบี่,8.103181,98.902471,5,1,4,Krabi 
PEA VOLTA,PEA VOLTA บางจาก คลองท่อม,7.870218,99.1633,5,1,4,Krabi 
EAANYWHERE,พีชลากูน่า รีสอร์ท จ.กระบี่,8.031277,98.825052,3,1,2,Krabi 
Elex by EGAT,โรงไฟฟ้าแม่เมาะ,18.30024919,99.7459701,2,0,2,Lampang 
Elex by EGAT,PT ลำปาง,18.295663,99.415306,2,0,2,Lampang 
Elex by EGAT,PT เถิน,17.622911,99.23707,2,0,2,Lampang 
OR,PTT Station บจ.ธ.1994 ปิโตรเลียม (ขาขึ้น),17.61982737,99.23364752,3,1,2,Lampang 
OR,PTT Station หจก.ถาวรชัยลำปาง,18.26241928,99.4667811,3,1,2,Lampang 
PEA VOLTA,PEA VOLTA บางจาก ห้างฉัตร,18.310821,99.390024,5,1,4,Lampang 
EAANYWHERE,"Bridgestone A.C.T (Thailand) Co.,Ltd. สาขาลำปาง",18.278724,99.480005,2,2,0,Lampang 
EAANYWHERE,ปั้มน้ำมัน มิตรดีเซล จำกัด จ.ลำปาง,18.234161,99.434418,3,1,2,Lampang 
EAANYWHERE,ปั้มน้ำมันท่าโทก จ.ลำปาง,18.363906,99.55021,3,3,0,Lampang 
EAANYWHERE,ปั้มน้ำมัน สนามกอล์ฟเขลางค์ จ.ลำปาง,18.302433,99.523815,2,2,0,Lampang 
OR,PTT Station สาขาลำพูน-ดอยติ,18.562654,99.033503,3,1,2,Lamphun 
EAANYWHERE,MG ร่วมใจเอ็มจีเมืองเลย,17.47328,101.724767,2,0,2,Loei 
EAANYWHERE,Global House (ลพบุรี),14.763305,100.716476,2,0,2,Lop Buri 
EAANYWHERE,ROBINSON ลพบุรี,14.775339,100.69386,3,3,0,Lop Buri 
EAANYWHERE,MG Areemit (Mahasarakham),16.167094,103.282363,2,0,2,Maha Sarakham 
EAANYWHERE,MG พิจิตรเพชรมุกดาหาร,16.565567,104.720092,2,0,2,Mukdahan 
EAANYWHERE,ROBINSON มุกดาหาร,16.568231,104.718869,3,1,2,Mukdahan 
EVOLT,Royal Hill Golf Resort &amp; Spa,14.319579,101.27493,1,1,0,Nakhon Nayok 
EAANYWHERE,The Coin,14.234565,101.24179,2,0,2,Nakhon Nayok 
OR,PTT Station สาขาพุทธมณฑล สาย 5,13.72965023,100.2986972,3,1,2,Nakhon Pathom 
OR,PTT Station สาขาพุทธมณฑล สาย 4,13.743985,100.328045,1,1,0,Nakhon Pathom 
OR,PTT Station บจ.มานะชัยบริการ,13.78035797,100.1759209,3,1,2,Nakhon Pathom 
OR,สถานี สาขาเพื่อสวัสดิการกรมพัฒนนาสังคมและสวัสดิการ,13.72965023,100.2986972,3,1,2,Nakhon Pathom 
PEA VOLTA,PEA VOLTA บางจาก สามพราน,13.785147,100.272556,5,1,4,Nakhon Pathom 
PEA VOLTA,PEA VOLTA บางจาก เมืองนครปฐม (เพชรเกษม กม. 61 ขาเข้า),13.804488,100.023228,5,1,4,Nakhon Pathom 
PEA VOLTA,PEA VOLTA นครชัยศรี,13.80342865,100.1887054,3,1,2,Nakhon Pathom 
EAANYWHERE,"Bridgestone A.C.T (Thailand) Co.,Ltd. Salaya Branch",13.786247,100.278128,2,2,0,Nakhon Pathom 
EAANYWHERE,ปั้มน้ำมัน เอ็มทูบีเทรดดิ้ง จำกัด พุทธมณฑล สาย 4,13.757756,100.32895,4,2,2,Nakhon Pathom 
EAANYWHERE,MG รวมกิจ (นครพนม),17.383532,104.773257,2,0,2,Nakhon Phanom 
Elex by EGAT,โรงไฟฟ้าลำตะคองชลภาวัฒนา,14.812254,101.539209,1,0,1,Nakhon Ratchasima 
Elex by EGAT,PT ปากช่อง3,14.658708,101.385312,2,0,2,Nakhon Ratchasima 
OR,PTT Station สาขาสีคิ้ว,14.84549825,101.6314756,3,1,2,Nakhon Ratchasima 
OR,PTT Station สาขาสวัสดิการกองบิน 1,14.93134976,102.0567341,3,1,2,Nakhon Ratchasima 
PEA VOLTA,PEA VOLTA บางจาก ปากช่อง,14.651944,101.357804,5,1,4,Nakhon Ratchasima 
PEA VOLTA,PEA VOLTA บางจาก สีคิ้ว (มิตรภาพ กม.92),14.840834,101.607413,5,1,4,Nakhon Ratchasima 
SHARGE,Thames Valley Khaoyai,14.58950192,101.3967483,1,1,0,Nakhon Ratchasima 
EAANYWHERE,มิตซูรัตนหิรัญ,14.7383,102.136234,2,0,2,Nakhon Ratchasima 
EAANYWHERE,บริษัท ดูโฮม จำกัด (มหาชน) สาขานครราชสีมา,14.933957,102.137269,3,1,2,Nakhon Ratchasima 
EAANYWHERE,เมเจอร์ เฟอร์นิเจอร์ มอลล์ จ.นครราชสีมา,14.926548,102.141998,2,2,0,Nakhon Ratchasima 
Elex by EGAT,PT พยุหะคีรี 2,15.397303,100.147794,2,0,2,Nakhon Sawan 
OR,PTT Station บจ.เค.ที.ดี.ปิโตรเลียม,15.57735932,100.1242744,3,1,2,Nakhon Sawan 
OR,PTT Station บจ.เกียรติสมพงษ์,15.57763462,100.1253738,3,1,2,Nakhon Sawan 
PEA VOLTA,PEA VOLTA บางจาก พยุหะคีรี,15.498681,100.128167,5,1,4,Nakhon Sawan 
EAANYWHERE,ร้านอาหาร กุ้งเผา2 น้ำปิงรีสอร์ท จ.นครสวรรค์,15.730931,100.115442,4,2,2,Nakhon Sawan 
EAANYWHERE,โรงแรม ลีลาวดีโฮม (จ.นครสวรรค์),15.707756,100.133404,2,2,0,Nakhon Sawan 
EAANYWHERE,ร้าน T-Space Coworking &amp; cafe นครสวรรค์,15.716676,100.11806,2,2,0,Nakhon Sawan 
EAANYWHERE,CALTEX ไพศาลนครสวรรค์,15.750086,100.122142,2,0,2,Nakhon Sawan 
EAANYWHERE,ไอเดีย เฟอร์นิเจอร์ มอลล์ จ.นครสวรรค์,15.736709,100.118296,2,2,0,Nakhon Sawan 
EAANYWHERE,ปั๊มแก๊ส เกษตรพัฒนา 1993 (จ.นครสวรรค์),15.775353,100.121294,3,1,2,Nakhon Sawan 
EAANYWHERE,โรงแรม บ้านสวนรีสอร์ท (จ.นครสรรค์),15.697618,100.119573,4,2,2,Nakhon Sawan 
OR,PTT Station สาขาสิชล,9.003393696,99.8816567,3,1,2,Nakhon Si Thammarat 
OR,PTT Station บจ.วี คอร์ป,8.155013882,99.69586815,3,1,2,Nakhon Si Thammarat 
PEA VOLTA,PEA VOLTA บางจาก ทุ่งสง,8.175095,99.6311276,5,1,4,Nakhon Si Thammarat 
EAANYWHERE,เมเจอร์ เฟอร์นิเจอร์ มอลล์ (2012),8.480461,99.963501,2,2,0,Nakhon Si Thammarat 
OR,PTT Station สาขาดู่ใต้,18.74737684,100.7565152,3,1,2,Nan 
EAANYWHERE,บริษัท ถ่านเมืองน่าน จำกัด (จ.น่าน),18.625593,100.739505,3,1,2,Nan 
EVOLT,Faculty of Engineering,6.437674,101.785507,4,2,2,Narathiwat 
EVOLT,Office of the President,6.456555,101.78954,4,2,2,Narathiwat 
EAANYWHERE,MG ร่วมใจเอ็มจีหนองบัวลำภู,17.234447,102.398653,2,0,2,Nong Bua Lam Phu 
PEA VOLTA,PEA VOLTA บางจาก เมืองหนองคาย,17.89063,102.77594,5,1,4,Nong Khai 
Elex by EGAT,ตึกผู้ว่าการฯ สำนักงานกลาง กฟผ.2 ท.100,13.810481,100.506343,3,1,2,Nonthaburi 
Elex by EGAT,ศูนย์การเรียนรู้ สนก.กฟผ.,13.812466,100.511692,1,0,1,Nonthaburi 
Elex by EGAT,หน้าร้านกาแฟคุณสายชล,13.811783,100.505717,3,3,0,Nonthaburi 
EVOLT,Impact - The Portal,13.911385,100.54736,1,1,0,Nonthaburi 
EVOLT,Impact - Beehive,13.91012,100.53892,1,1,0,Nonthaburi 
EVOLT,Impact - P1,13.912745,100.54651,1,1,0,Nonthaburi 
EVOLT,5th element - The Mall Ngamwongwan,13.85548159,100.542167,4,4,0,Nonthaburi 
EVOLT,Impact - P3,13.91198727,100.5504574,2,2,0,Nonthaburi 
MEA,การไฟฟ้านครหลวง เขตบางใหญ่,13.848676,100.435293,2,1,1,Nonthaburi 
MEA,การไฟฟ้านครหลวง ฝ่ายธุรกิจขนส่งและผลิตภัณฑ์ บางพูด,13.927893,100.527487,1,1,0,Nonthaburi 
MEA,การไฟฟ้านครหลวง เขตนนทบุรี,13.867558,100.51907,2,2,0,Nonthaburi 
MEA,การไฟฟ้านครหลวง เขตบางบัวทอง,13.945694,100.379544,2,2,0,Nonthaburi 
MEA,คอนโดริเวอร์ไรน์เพลส,13.82864,100.500747,2,2,0,Nonthaburi 
on-ion(ARUN+),The Crystal SB Ratchapruek,13.809674,100.448058,3,3,0,Nonthaburi 
on-ion(ARUN+),The Crystal Chaiyapruek,13.9225252,100.474617,3,3,0,Nonthaburi 
OR,PTT Station สาขาประชาชื่น2,13.874281,100.547144,4,2,2,Nonthaburi 
SHARGE,The Politan Breeze,13.874191,100.47903,2,2,0,Nonthaburi 
SHARGE,The Politan Aqua,13.875611,100.479,2,2,0,Nonthaburi 
SHARGE,The Politan Rive,13.874046,100.478588,2,2,0,Nonthaburi 
SHARGE,Shell Bangyai,13.83579154,100.4141033,3,1,2,Nonthaburi 
SHARGE,TAP Brewery (Heineken),14.08339,100.31064,1,1,0,Nonthaburi 
EAANYWHERE,"Bridgestone A.C.T (Thailand) Co.,Ltd. Chaengwatthana Branch",13.897306,100.548114,4,2,2,Nonthaburi 
EAANYWHERE,"Bridgestone A.C.T (Thailand) Co.,Ltd. Changwattana 17 Branch",13.905722,100.525119,4,2,2,Nonthaburi 
EAANYWHERE,มหาวิทยาลัยราชพฤกษ์,13.82362,100.459832,4,2,2,Nonthaburi 
EAANYWHERE,SUSCO สาขาบางใหญ่,13.857596,100.412083,3,1,2,Nonthaburi 
EAANYWHERE,SUSCO สาขาติวานนท์,13.91258,100.50906,2,0,2,Nonthaburi 
EAANYWHERE,SUSCO สาขาบางบัวทอง(ไทรน้อย),13.954106,100.367843,3,1,2,Nonthaburi 
EAANYWHERE,My Ville บางใหญ่,13.831652,100.413726,2,0,2,Nonthaburi 
EAANYWHERE,บางกอกเดย์ราม่า,13.821693,100.427679,2,0,2,Nonthaburi 
EAANYWHERE,SCB สาขา รัตนาธิเบศร์,13.874804,100.41461,3,3,0,Nonthaburi 
EAANYWHERE,ร้านอาหาร Chuan Kitchen (เมืองทองธานี),13.915088,100.542605,3,1,2,Nonthaburi 
EAANYWHERE,7-Eleven เรวดี 17 (11826),13.854632,100.512433,2,0,2,Nonthaburi 
EAANYWHERE,7-Eleven สินบดี จุด 2 (14399),13.915549,100.437424,2,0,2,Nonthaburi 
EAANYWHERE,7-Eleven ทานสัมฤทธิ์ (14251),13.871941,100.52849,2,0,2,Nonthaburi 
EAANYWHERE,7-Eleven นนทบุรี ซอย8 (เลี่ยงเมืองนนท์) (14683),13.863557,100.492669,2,0,2,Nonthaburi 
EAANYWHERE,7-Eleven ประชาราษฎร์ 16/1 (14684),13.844058,100.501694,2,0,2,Nonthaburi 
EAANYWHERE,7-Eleven รัตนาธิเบศร์ 22 แยก 1 (14250),13.863901,100.504815,2,0,2,Nonthaburi 
EAANYWHERE,7-Eleven งามวงศ์วาน 23 แยก18 (14485),13.867708,100.535624,2,0,2,Nonthaburi 
EAANYWHERE,บริษัท ดูโฮม จำกัด (มหาชน) สาขาบางบัวทอง,13.949241,100.421632,3,1,2,Nonthaburi 
EAANYWHERE,บิ๊กซี-Extra บางใหญ่,13.882996,100.408001,3,3,0,Nonthaburi 
EAANYWHERE,บิ๊กซี ไทรน้อย,13.985333,100.319314,2,0,2,Nonthaburi 
EAANYWHERE,The Visda Park,13.94576,100.380276,2,0,2,Nonthaburi 
EAANYWHERE,โรงแรม ศศิศุขสันต์ บางบัวทอง,13.958158,100.42699,4,2,2,Nonthaburi 
EAANYWHERE,บริษัท ส สิณีเซอร์วิส จำกัด,13.930394,100.483629,4,2,2,Nonthaburi 
EAANYWHERE,สนามบินน้ำมาร์เก็ตพาร์ต,13.881065,100.496691,4,2,2,Nonthaburi 
EAANYWHERE,CALTEX (สินทรัพย์มงคลชัย),13.942148,100.540804,3,1,2,Nonthaburi 
EAANYWHERE,Crystal Park สาขาราชพฤกษ์,13.809534,100.448341,3,3,0,Nonthaburi 
EAANYWHERE,สัมมากรเพลส สาขาราชพฤกษ์ ST.1,13.912511,100.4495,3,3,0,Nonthaburi 
EAANYWHERE,The Walk สาขาราชพฤกษ์,13.821103,100.449197,6,4,2,Nonthaburi 
EAANYWHERE,CALTEX บางใหญ่,13.867307,100.410152,2,0,2,Nonthaburi 
EAANYWHERE,ตลาดต้นสัก,13.872538,100.481446,2,1,1,Nonthaburi 
EAANYWHERE,LPG เลิศราชพฤกษ์,13.928569,100.443835,3,1,2,Nonthaburi 
EAANYWHERE,เลิศราชพฤกษ์ (สาขา ซอย บางเลน 10/4),13.852365,100.437749,3,1,2,Nonthaburi 
EAANYWHERE,MG International (NCI),13.907541,100.401312,2,0,2,Nonthaburi 
EAANYWHERE,Versailles Palace Restaurant Nonthaburi,13.87115,100.481051,2,0,2,Nonthaburi 
EAANYWHERE,ROBINSON ศรีสมาน,13.938638,100.554162,4,2,2,Nonthaburi 
EAANYWHERE,ร้านอาหาร นิตยาไก่ย่าง ถ.ประชาชื่น,13.864403,100.546585,2,2,0,Nonthaburi 
Elex by EGAT,Market Village รังสิต,14.00001177,100.68453,3,3,0,Pathum Thani 
Elex by EGAT,สนามกอล์ฟ ริเวอร์เดล,13.981042,100.540037,2,2,0,Pathum Thani 
Elex by EGAT,Future Park Rangsit (out-door),13.990924,100.616989,3,3,0,Pathum Thani 
Elex by EGAT,Future Park Rangsit (in-door),13.989152,100.618384,4,4,0,Pathum Thani 
EVOLT,Thammasat Rangsit Campus,14.073526,100.602218,1,1,0,Pathum Thani 
EVOLT,Puey Centenary Hall &amp; Park,14.07112,100.61095,1,1,0,Pathum Thani 
EVOLT,Thanya Golf Club,13.9528172,100.6965385,2,2,0,Pathum Thani 
OR,PTT Station สาขาวงแหวนตะวันตก (ขาเข้า),14.109846,100.5337974,0,0,0,Pathum Thani 
OR,PTT Station สาขาแยกสันติสุข,14.03048293,100.5316,1,1,0,Pathum Thani 
OR,PTT Station สาขาคลองหลวง กม.6,14.06657027,100.6728582,1,1,0,Pathum Thani 
OR,PTT Station บจ.ปิโตรเลียม(ถ.347),14.113372,100.569608,3,2,1,Pathum Thani 
PEA VOLTA,PEA VOLTA รังสิต,14.04528141,100.6161881,2,0,2,Pathum Thani 
SHARGE,Dcondo Campus Resort Dome-Rangsit,14.07730237,100.6049456,2,2,0,Pathum Thani 
EAANYWHERE,"Bridgestone A.C.T (Thailand) Co.,Ltd. สาขา รังสิต-นครนายก คลอง 4",14.004672,100.697398,1,1,0,Pathum Thani 
EAANYWHERE,"นราธร14 co.,LTD.",14.001425,100.614327,4,4,0,Pathum Thani 
EAANYWHERE,บริษัท ดูโฮม จำกัด (มหาชน) สาขารังสิต-นครนายก คลอง6,14.027353,100.750444,2,2,0,Pathum Thani 
EAANYWHERE,ตลาดโรงเกลือท้ายเกาะ,14.108348,100.506996,4,2,2,Pathum Thani 
EAANYWHERE,Standard NGV (ปทุมธานีสายเก่า),14.008741,100.532659,2,0,2,Pathum Thani 
EAANYWHERE,บริษัท โอสุ เนเจอรัล แก๊ส จำกัด ซ.คลองหลวง 50,14.035751,100.616568,2,2,0,Pathum Thani 
EAANYWHERE,สถาบัน AIT รังสิต ST.1,14.076571,100.613892,4,2,2,Pathum Thani 
EAANYWHERE,สถาบัน AIT รังสิต ST.2,14.081627,100.613339,3,3,0,Pathum Thani 
EAANYWHERE,ม.ธรรมศาสตร์ศูนย์รังสิต ST.1,14.076432,100.596284,3,1,2,Pathum Thani 
EVOLT,The Sands Khao Lak,8.649422065,98.24944095,1,1,0,Phang-nga 
OR,PTT Station หจก.กัลปพฤกษ์,8.431313108,98.51931475,3,1,2,Phang-nga 
PEA VOLTA,PEA VOLTA บางจาก เมืองพังงา,8.42492,98.479834,5,1,4,Phang-nga 
PEA VOLTA,PEA VOLTA บางจาก ชะอวด,7.898508,99.928921,5,1,4,Phatthalung 
OR,PTT Station หจก.วันสิริ เซอร์วิส (CODO),19.14557898,99.91219896,3,1,2,Phayao 
PEA VOLTA,PEA VOLTA พะเยา,19.199128,99.873795,5,1,4,Phayao 
OR,PTT Station สาขาสวัสดิการมหาวิทยาลัยราชภัฏเพชรบูรณ์,16.453376,101.153513,3,1,2,Phetchabun 
PEA VOLTA,PEA VOLTA หล่มสัก,16.760784,101.216408,5,1,4,Phetchabun 
Elex by EGAT,PT เขาย้อย,13.31474206,99.82714056,2,0,2,Phetchaburi 
OR,PTT Station บจ.ไนซ์ปิโตรเลียมเพชรบุรี,13.118076,99.907981,3,1,2,Phetchaburi 
OR,PTT Station บจ.เฮงปิโตรเลียมบริการ 2013,12.987461,99.901172,3,1,2,Phetchaburi 
OR,PTT Station สาขาชะอำ,12.79909231,99.97192449,3,1,2,Phetchaburi 
PEA VOLTA,PEA VOLTA บางจาก วังมะนาว (เพชรเกษม ขาออก),13.318703,99.827723,5,1,4,Phetchaburi 
PEA VOLTA,PEA VOLTA บางจาก ชะอำ,12.81797,99.94063,5,1,4,Phetchaburi 
PEA VOLTA,PEA VOLTA เขาย้อย,13.26557732,99.82255554,3,1,2,Phetchaburi 
SHARGE,Vala Huahin,12.72504928,99.96242587,2,2,0,Phetchaburi 
EAANYWHERE,FN Outlet สาขาเพชรบุรี (PHETCHABURI),13.138882,99.855552,4,2,2,Phetchaburi 
EAANYWHERE,FN Factory Outlet สาขาหัวหิน (HUA HIN),12.66626,99.95199,3,1,2,Phetchaburi 
EAANYWHERE,โชว์รูม โตโยต้าชัวร์ เมืองเพชร,12.996351,99.907608,3,1,2,Phetchaburi 
EAANYWHERE,ROBINSON เพชรบุรี,13.063699,99.946708,3,3,0,Phetchaburi 
EAANYWHERE,ร้านอาหาร ครัวบ้านขวัญ วังมะนาว ST.1,13.322032,99.828791,12,12,0,Phetchaburi 
EAANYWHERE,ร้านอาหาร ครัวบ้านขวัญ วังมะนาว ST.2,13.322579,99.828651,4,2,2,Phetchaburi 
PEA VOLTA,PEA VOLTA บางจาก บึงนาราง,16.185515,100.12824,5,1,4,Phichit 
EVOLT,The Zense Boutique Hotel,16.80935998,100.2263765,2,2,0,Phitsanulok 
OR,PTT Station สาขาพิษณุโลก,16.8175,100.319,3,1,2,Phitsanulok 
PEA VOLTA,PEA VOLTA บางจาก เมืองพิษณุโลก (ข้างเซ็นทรัล),16.842585,100.231461,5,1,4,Phitsanulok 
PEA VOLTA,PEA VOLTA บางจาก เมืองพิษณุโลก (ทล.11 กม.228),16.851477,100.347069,5,1,4,Phitsanulok 
EAANYWHERE,พิษณุโลก ยูไนเต็ด จ.พิษณุโลก,16.799991,100.223288,2,2,0,Phitsanulok 
EAANYWHERE,พิษณุโลกแดนพรีท (Solar Rest Station),16.849142,100.338223,3,1,2,Phitsanulok 
Elex by EGAT,โรงไฟฟ้าวังน้อย,14.236698,100.777578,1,0,1,Phra Nakhon Si Ayutthaya 
Elex by EGAT,PT วังน้อย5(ถ.พหลโยธิน กม.72),14.260597,100.775009,2,0,2,Phra Nakhon Si Ayutthaya 
EVOLT,Western Digital,14.20501282,100.5854607,1,1,0,Phra Nakhon Si Ayutthaya 
EVOLT,Central Plaza Ayutthaya,14.33154857,100.6118697,2,2,0,Phra Nakhon Si Ayutthaya 
OR,PTT Station สาขาวังน้อย,14.28964,100.818005,3,1,2,Phra Nakhon Si Ayutthaya 
OR,PTT Station สาขาสาขาบางปะอิน,14.228472,100.610347,3,1,2,Phra Nakhon Si Ayutthaya 
OR,OR Space ถ.พหลโยธิน กม.56.5,14.195169,100.645326,6,4,2,Phra Nakhon Si Ayutthaya 
OR,สถานี สาขานิคมโรจนะ,14.321293,100.633112,3,1,2,Phra Nakhon Si Ayutthaya 
PEA VOLTA,PEA VOLTA บางจาก บางปะอิน (สายเอเชีย กม. 62 ขาออก),14.26525,100.61233,5,1,4,Phra Nakhon Si Ayutthaya 
PEA VOLTA,PEA VOLTA บางจาก วังน้อย (พหลโยธิน กม.57),14.19522,100.6462,5,1,4,Phra Nakhon Si Ayutthaya 
PEA VOLTA,PEA VOLTA พระนครศรีอยุธยา,14.38348198,100.6033554,3,1,2,Phra Nakhon Si Ayutthaya 
EAANYWHERE,ศูนย์การค้า Porto Go บางปะอิน,14.201432,100.607794,3,3,0,Phra Nakhon Si Ayutthaya 
EAANYWHERE,MG อยุธยา,14.323089,100.614251,2,0,2,Phra Nakhon Si Ayutthaya 
EAANYWHERE,FN Outlet สาขาอยุธยา (AYUDHAYA),14.245979,100.614168,6,6,0,Phra Nakhon Si Ayutthaya 
OR,PTT Station บจ.พลกฤตเซอร์วิสเอ็นเนอร์ยี่,18.11714835,100.153145,3,1,2,Phrae 
PEA VOLTA,PEA VOLTA แพร่,18.114801,100.149204,5,1,4,Phrae 
EAANYWHERE,Global house แพร่,18.107636,100.137151,2,0,2,Phrae 
EAANYWHERE,ปั้มน้ำมัน ไตรศรีประพรรดิ จำกัด,18.143434,100.148366,2,0,2,Phrae 
EVOLT,Luxury Fleet Car,7.81055676,98.40257771,2,2,0,Phuket 
EVOLT,Splash Bleach Resort,8.118056,98.306672,1,1,0,Phuket 
EVOLT,Blue Canyon Country Club,8.1033319,98.328229,1,1,0,Phuket 
EVOLT,Yacht Heaven Marina,8.17048047,98.33771047,1,1,0,Phuket 
EVOLT,Supicha Pool Access Hotel,7.95607873,98.38559984,1,1,0,Phuket 
EVOLT,Grand Supicha City Hotel,7.88851377,98.3970541,1,1,0,Phuket 
EVOLT,Pullman Phuket Acadia,8.0633473,98.276614,1,1,0,Phuket 
EVOLT,The Proud Condominium,7.772634,98.318416,1,1,0,Phuket 
EVOLT,Phuket Island view,7.8327899,98.295271,1,1,0,Phuket 
EVOLT,Kalima resort &amp; spa phuket,7.91734114,98.28446808,1,1,0,Phuket 
EVOLT,Canal Village Laguna Shopping,8.00178857,98.29598797,1,1,0,Phuket 
EVOLT,The Naka Phuket,7.92605616,98.26710273,1,1,0,Phuket 
EVOLT,Mida Grande Resort Phuket,7.97804364,98.28557411,1,1,0,Phuket 
EVOLT,Pullman Phuket Panwa Beach Resort,7.81048235,98.40257771,1,1,0,Phuket 
EVOLT,Smile Tennis Academy Phuket,7.90553244,98.37393897,1,1,0,Phuket 
EVOLT,Central Plaza Phuket Florasta,7.889590553,98.36625801,2,2,0,Phuket 
EVOLT,Deevana Patong Resort &amp; Spa,7.900837606,98.30259656,1,1,0,Phuket 
EVOLT,Deevana Plaza Phuket Patong,7.885565147,98.29438127,1,1,0,Phuket 
EVOLT,Poolrada Boutique Hotel,8.02668017,98.32852983,1,1,0,Phuket 
EVOLT,Ramada By Wyndham Phuket,7.90094008,98.30197728,1,1,0,Phuket 
EVOLT,The Shore At Katathani,7.80319665,98.30026528,1,1,0,Phuket 
EVOLT,Porto De Phuket,7.992136854,98.30527866,3,3,0,Phuket 
EVOLT,Hilton Garden Inn Phuket Bang Tao,7.996522687,98.29971906,1,1,0,Phuket 
OR,PTT Station สาขาภูเก็ต,8.005133803,98.34309215,3,1,2,Phuket 
OR,PTT Station สาขากะทู้2,7.911796,98.342402,3,1,2,Phuket 
OR,PTT Station สาขาสนามบินภูเก็ต,8.095376,98.3081632,3,1,2,Phuket 
PEA VOLTA,PEA VOLTA บางจาก กะทู้,7.908677,98.344771,5,1,4,Phuket 
PEA VOLTA,PEA VOLTA บางจาก เมืองภูเก็ต,7.807702,98.336798,5,1,4,Phuket 
SHARGE,The Base Central Phuket,7.889023,98.364265,2,2,0,Phuket 
EAANYWHERE,InterContinental Phuket,7.962614,98.284893,5,3,2,Phuket 
EVOLT,Western Digital Prachinburi,13.91288716,101.5705521,6,0,6,Prachin Buri 
EAANYWHERE,โรงแรม PRY 1 Station 1 (บ.ทิวป่าไม้งามฯ),14.218544,101.405759,2,2,0,Prachin Buri 
EAANYWHERE,โรงแรม PRY 1 Station 2 (บ.ทิวป่าไม้งามฯ),14.216603,101.406295,3,3,0,Prachin Buri 
EAANYWHERE,ROBINSON ปราจีนบุรี,14.058928,101.395934,2,0,2,Prachin Buri 
Elex by EGAT,Market village หัวหิน,12.558122,99.960226,3,1,2,Prachuap Khiri Khan 
Elex by EGAT,PT บางสะพานน้อย,11.083353,99.369784,2,0,2,Prachuap Khiri Khan 
EVOLT,Hilton Hua Hin Resort &amp; Spa,12.57072512,99.96043761,1,1,0,Prachuap Khiri Khan 
OR,PTT Station บจ.ส.สมบูรณ์ทรัพย์ปิโตรเลียม,12.1025724,99.85310755,3,1,2,Prachuap Khiri Khan 
OR,PTT Station บจ.ปตท สามร้อยยอด,12.22538,99.86777,3,1,2,Prachuap Khiri Khan 
OR,PTT Station บจ.ช้างเผือกปิโตรเลียม,11.2645826,99.4379566,3,1,2,Prachuap Khiri Khan 
PEA VOLTA,PEA VOLTA บางจาก ทับสะแก,11.54551,99.630973,5,1,4,Prachuap Khiri Khan 
PEA VOLTA,PEA VOLTA หัวหิน,12.55186462,99.96103668,3,1,2,Prachuap Khiri Khan 
SHARGE,Peri Huahin,12.54795148,99.96313422,2,2,0,Prachuap Khiri Khan 
SHARGE,La Habana Huahin,12.53419907,99.9675095,2,2,0,Prachuap Khiri Khan 
SHARGE,The standard Huahin,12.61640438,99.95298287,4,4,0,Prachuap Khiri Khan 
SHARGE,Esso Huahin,12.57408372,99.95555942,3,1,2,Prachuap Khiri Khan 
EAANYWHERE,"Bridgestone A.C.T (Thailand) Co.,Ltd. Hun Hin Branch",12.580184,99.952901,2,2,0,Prachuap Khiri Khan 
EAANYWHERE,บ้านราชดำเนิน หัวหิน รีสอร์ท (หัวหิน),12.557457,99.961173,3,1,2,Prachuap Khiri Khan 
EAANYWHERE,HOLIDAY INN HOTEL 1,12.531753,99.962632,6,6,0,Prachuap Khiri Khan 
EAANYWHERE,HOLIDAY INN HOTEL 2,12.531887,99.963009,3,1,2,Prachuap Khiri Khan 
EAANYWHERE,BLUPORT (Floor G),12.547687,99.962177,4,2,2,Prachuap Khiri Khan 
EAANYWHERE,ปั้มแก๊ส ไทยแก๊สปิโตรเลี่ยม จำกัด (ปราณบุรี),12.378388,99.891013,3,1,2,Prachuap Khiri Khan 
EVOLT,Bgrimm PIC RATCHABURI,13.638798,99.843068,1,1,0,Ratchaburi 
OR,PTT Station สาขาราชบุรี,13.467366,99.797776,3,1,2,Ratchaburi 
EAANYWHERE,ROBINSON ราชบุรี,13.534148,99.811539,3,3,0,Ratchaburi 
EAANYWHERE,โรงแรมเวสเทิร์นแกรนราชบุรี (จ.ราชบุรี),13.537991,99.807647,3,3,0,Ratchaburi 
EAANYWHERE,MG ก้องกังวาล ราชบุรี,13.485609,99.79531,2,0,2,Ratchaburi 
on-ion(ARUN+),EECi Zone A1-4 (Parking),13.017246,101.446363,4,4,0,Rayong 
on-ion(ARUN+),EECi Zone B (Entrance 1),13.008253,101.446386,2,2,0,Rayong 
on-ion(ARUN+),EECi Zone Kvis (Entrance 2),13.001061,101.451227,1,1,0,Rayong 
on-ion(ARUN+),EECi Zone IOC Building,12.981523,101.452306,1,1,0,Rayong 
on-ion(ARUN+),EECi B08-Shuttle Bus Terminal,12.98022,101.453278,1,1,0,Rayong 
on-ion(ARUN+),EECi Zone MV.3 (Entrance 3),12.968394,101.464711,1,1,0,Rayong 
OR,PTT Station สาขาโรงแยกก๊าซระยอง,12.72253759,101.1518516,1,1,0,Rayong 
OR,สถานีบริการ สาขาระยอง-บ้านฉาง กม.192 (ขาเข้า),12.716586,101.039481,2,0,2,Rayong 
OR,สถานีบริการ สาขาตำบลมาบข่า,12.767772,101.169578,1,1,0,Rayong 
PEA VOLTA,PEA VOLTA บางจาก แกลง,12.78675,101.67267,5,1,4,Rayong 
PEA VOLTA,PEA VOLTA บางจาก เมืองระยอง,12.6825,101.254501,5,1,4,Rayong 
EAANYWHERE,Dvaree Diva Central Rayong,12.683249,101.251199,2,2,0,Rayong 
EAANYWHERE,สตาร์ โฮเต็ล จ.ระยอง,12.686131,101.271089,3,1,2,Rayong 
EAANYWHERE,ศิลามั่นคง ปิโตรเลียม ระยอง,12.841976,101.118928,2,0,2,Rayong 
EAANYWHERE,ตลาดสตาร์ระยอง (จ.ระยอง),12.687207,101.272193,3,1,2,Rayong 
EAANYWHERE,Star IT Rayong (จ.ระยอง),12.686082,101.270084,3,3,0,Rayong 
EAANYWHERE,ECF (ระยอง),12.800445,101.63971,4,2,2,Rayong 
EAANYWHERE,FN Factory Outlet สาขาระยอง (Rayong),12.742561,101.200969,2,2,0,Rayong 
EAANYWHERE,ศูนย์การค้า แสงทอง พลัส จ.ระยอง,12.682672,101.264925,3,1,2,Rayong 
PEA VOLTA,PEA VOLTA ร้อยเอ็ด,16.045468,103.626819,5,1,4,Roi Et 
EAANYWHERE,ROBINSON ร้อยเอ็ด,16.060749,103.617304,2,0,2,Roi Et 
PEA VOLTA,PEA VOLTA สระแก้ว,13.839046,102.046313,5,1,4,Sa Kaeo 
EAANYWHERE,MG สกลนคร,17.180447,104.116273,2,0,2,Sakon Nakhon 
EAANYWHERE,ROBINSON สกลนคร,17.178674,104.119626,3,3,0,Sakon Nakhon 
Elex by EGAT,Market Village สุวรรณภูมิ,13.631993,100.71186,3,3,0,Samut Prakan 
MEA,การไฟฟ้านครหลวง เขตสมุทรปราการ,13.595212,100.606939,1,1,0,Samut Prakan 
MEA,การไฟฟ้านครหลวง เขตบางพลี,13.641265,100.713819,1,1,0,Samut Prakan 
OR,PTT Station สาขากิ่งแก้ว,13.6585,100.717,3,1,2,Samut Prakan 
OR,PTT Station สาขาศรีนครินทร์ บางเมือง,13.61549338,100.6213884,3,1,2,Samut Prakan 
OR,PTT Station สาขาบางนา-ตราด กม.16,13.6171,100.747544,3,1,2,Samut Prakan 
SHARGE,RakXa,13.6734945,100.5774244,2,2,0,Samut Prakan 
SHARGE,Supalai Veranda Sukhumvit 117,13.63514,100.5913,2,2,0,Samut Prakan 
SHARGE,Esso Bang Na,13.6517637,100.6776403,3,1,2,Samut Prakan 
EAANYWHERE,Car Magic แบริ่ง,13.645606,100.635699,3,3,0,Samut Prakan 
EAANYWHERE,Siam Premium Outlets,13.693468,100.829465,5,2,3,Samut Prakan 
EAANYWHERE,SK Home,13.623727,100.757497,3,1,2,Samut Prakan 
EAANYWHERE,SUSCO สาขาบางยอ,13.67046,100.5562,3,1,2,Samut Prakan 
EAANYWHERE,Kins ทำเบาะรถยนต์ เทพารักษ์,13.63614,100.611272,2,0,2,Samut Prakan 
EAANYWHERE,ซี พี เอ็น ออยล์,13.599422,100.658184,2,0,2,Samut Prakan 
EAANYWHERE,7-Eleven ม.เอื้อพัฒนานิเวศน์ (หนามแดง) (10541),13.629384,100.633024,2,0,2,Samut Prakan 
EAANYWHERE,7-Eleven กลางซอยศรีด่าน 22 (14748),13.646208,100.643274,2,0,2,Samut Prakan 
EAANYWHERE,บิ๊กซี ศรีนครินทร์,13.649796,100.640307,2,0,2,Samut Prakan 
EAANYWHERE,บิ๊กซี บางพลี,13.602798,100.707389,2,0,2,Samut Prakan 
EAANYWHERE,CALTEX Bangna-Trad Road Km.20,13.604462,100.776767,2,0,2,Samut Prakan 
EAANYWHERE,ศูนย์การค้า May Market ถ.บางนา-ตราด,13.628836,100.718523,4,2,2,Samut Prakan 
EAANYWHERE,เมืองโบราณ บางปู ST.1,13.5393,100.622926,5,3,2,Samut Prakan 
EAANYWHERE,MG Nakornlaung (Bangna),13.629758,100.719774,2,0,2,Samut Prakan 
EAANYWHERE,MG Premier Automobile (KM.24),13.592996,100.8153,2,0,2,Samut Prakan 
EAANYWHERE,MG รุ่งเจริญ สาขาเทพารักษ์,13.620934,100.642418,2,0,2,Samut Prakan 
EAANYWHERE,ROBINSON สมุทรปราการ,13.583558,100.609553,4,2,2,Samut Prakan 
EAANYWHERE,บริษัท ไทยสัมพันธ์ปราการ จำกัด,13.620418,100.643611,3,1,2,Samut Prakan 
EAANYWHERE,หจก. ไทยสัมพันธ์ บางปู,13.545004,100.618148,3,1,2,Samut Prakan 
OR,PTT Station สาขาพระราม 2 (ขาเข้า),13.5935,100.3381,2,2,0,Samut Sakhon 
OR,PTT Station บจ.ท่าจีนรุ่งเรืองปิโตรเลียม,13.5429844,100.2378731,3,1,2,Samut Sakhon 
PEA VOLTA,PEA VOLTA บางจาก นาโคก (ขาออก),13.452056,100.084284,5,1,4,Samut Sakhon 
PEA VOLTA,PEA VOLTA สมุทรสาคร,13.54332638,100.2647705,3,1,2,Samut Sakhon 
EAANYWHERE,"Bridgestone A.C.T (Thailand) Co.,Ltd. Mahachi Branch",13.564517,100.279424,2,2,0,Samut Sakhon 
EAANYWHERE,ศูนย์การค้า Porto Chino St.2 มหาชัย,13.569928,100.288969,3,3,0,Samut Sakhon 
EAANYWHERE,ศูนย์การค้า Porto Chino St.1 มหาชัย,13.568521,100.289781,3,1,2,Samut Sakhon 
EAANYWHERE,Porto Go ท่าจีน,13.515975,100.162734,3,3,0,Samut Sakhon 
EAANYWHERE,บริษัท ดูโฮม จำกัด (มหาชน) สาขาพระราม 2,13.523286,100.17935,2,2,0,Samut Sakhon 
EAANYWHERE,The Steel (บางบอน 5),13.636605,100.369934,3,1,2,Samut Sakhon 
EAANYWHERE,P.R. แพรกหนามแดง จำกัด,13.344725,99.883952,2,2,0,Samut Songkhram 
EAANYWHERE,ปั้มน้ำมัน มุนินทร์รัตน์ จำกัด (จ.สมุทรสงคราม),13.418029,99.974292,2,2,0,Samut Songkhram 
OR,PTT Station สาขาสระบุรี,14.55370158,100.9662493,0,0,0,Saraburi 
PEA VOLTA,PEA VOLTA บางจาก แก่งคอย,14.57352,100.986792,5,1,4,Saraburi 
EAANYWHERE,ROBINSON สระบุรี,14.540879,100.949098,2,0,2,Saraburi 
EAANYWHERE,MEESUK Hotels จ.สตูล,6.718931,100.06655,3,3,0,Satun 
EAANYWHERE,The One Boutique Hotel จ.สตูล,6.627644,100.068583,2,2,0,Satun 
OR,PTT Station สาขาไพรบึง-โชคชัย,14.68416968,104.3567346,3,1,2,Si Sa Ket 
PEA VOLTA,PEA VOLTA บางจาก ขุขันธ์,14.65506,104.227672,5,1,4,Si Sa Ket 
EAANYWHERE,Rest Go Tiwanon,15.099109,104.459167,2,0,2,Si Sa Ket 
EAANYWHERE,เพทโทรล พลัส (จ.ศรีสะเกษ),15.099109,104.459167,2,0,2,Si Sa Ket 
PEA VOLTA,PEA VOLTA บางจาก อินทร์บุรี (ขาออก),14.980995,100.357673,5,1,4,Sing Buri 
EAANYWHERE,Kesarabakery (จ.สิงห์บุรี),14.853201,100.444044,2,0,2,Sing Buri 
EAANYWHERE,ไชยแสง ปิโตรเลียม จ.สิงห์บุรี,15.033252,100.335272,4,2,2,Sing Buri 
EAANYWHERE,ร้านคุณพราว,15.021624,100.339315,4,2,2,Sing Buri 
EAANYWHERE,ร้านอาหารน้องเปิ้ล จ.สิงห์บุรี,15.013832,100.341332,3,3,0,Sing Buri 
Elex by EGAT,โรงไฟฟ้าจะนะ,6.956024,100.706524,1,0,1,Songkhla 
Elex by EGAT,PT หาดใหญ่7,7.012334,100.457034,2,0,2,Songkhla 
EVOLT,New season hotel,7.0066916,100.47349,1,1,0,Songkhla 
EVOLT,The signature airport,6.9406876,100.40304,1,1,0,Songkhla 
EVOLT,The bed vacation hotel,7.1995206,100.60457,1,1,0,Songkhla 
EVOLT,S Hadyai Hotel,7.007148,100.48029,1,1,0,Songkhla 
EVOLT,Makinta Market,7.0049536,100.48739,1,1,0,Songkhla 
EVOLT,Buri Sripu Butique Hotel,6.99800457,100.4824318,1,1,0,Songkhla 
EVOLT,Crystal Hotel Hatyai,6.991735069,100.4853988,1,1,0,Songkhla 
EVOLT,Tung Ngern Apartelle,6.997362224,100.5005458,1,1,0,Songkhla 
EVOLT,Z Sleep Hotel,6.990301271,100.4839179,1,1,0,Songkhla 
OR,PTT Station สาขาหาดใหญ่ใน (ขาออก),7.000368,100.452406,4,2,2,Songkhla 
OR,PTT Station สาขาสนามบินหาดใหญ่,6.973203,100.429085,3,1,2,Songkhla 
PEA VOLTA,PEA VOLTA บางจาก หาดใหญ่,7.004133,100.460182,5,1,4,Songkhla 
EAANYWHERE,ศูนย์การค้า บุญถาวร (หาดใหญ่),6.981286,100.481765,2,2,0,Songkhla 
EAANYWHERE,3K HomeBase tile outlet (หาดใหญ่),6.985145,100.442044,2,2,0,Songkhla 
EAANYWHERE,Global house สุโขทัย,17.009002,99.770365,2,0,2,Sukhothai 
EVOLT,Kung Pen Restaurant,14.7361156,100.1023671,1,1,0,Suphan Buri 
EAANYWHERE,เมเจอร์ เฟอร์นิเจอร์ มอลล์ จ.สุพรรณบุรี,14.429381,100.143567,3,1,2,Suphan Buri 
EAANYWHERE,MG N.V.M. Motorsales Suphan Buri,14.44668,100.130913,2,0,2,Suphan Buri 
OR,PTT Station สาขาไชยา (ขาขึ้น),9.427177293,99.15273468,3,1,2,Surat Thani 
PEA VOLTA,PEA VOLTA บางจาก พุนพิน,9.126541,99.159488,5,1,4,Surat Thani 
EAANYWHERE,ROBINSON สุรินทร์,14.876193,103.531895,3,1,2,Surin 
Elex by EGAT,PT ตาก,16.852771,99.116337,2,0,2,Tak 
OR,PTT Station สาขาตาก (ตากเคทีแอนด์ชันส์),16.86122801,99.13500502,3,1,2,Tak 
PEA VOLTA,PEA VOLTA บางจาก เมืองตาก,16.879123,99.129101,5,1,4,Tak 
EAANYWHERE,MG TAK MOTOR,16.709087,98.550284,2,0,2,Tak 
EAANYWHERE,ROBINSON แม่สอด,16.722565,98.583574,3,1,2,Tak 
PEA VOLTA,PEA VOLTA บางจาก เมืองตรัง,7.561071,99.606095,5,1,4,Trang 
OR,PTT Station บจ.เติมเต็มปิโตรเลียม,12.263141,102.501947,3,1,2,Trat 
PEA VOLTA,PEA VOLTA บางจาก เขาสมิง,12.378657,102.376825,5,1,4,Trat 
OR,PTT Station หจก.การดี ปิโตรเลียม,15.2522,104.8806,3,1,2,Ubon Ratchathani 
EAANYWHERE,Ubon Square (บ.เจริญพัฒนาอาเขต จำกัด),15.270113,104.842517,3,1,2,Ubon Ratchathani 
Elex by EGAT,PT อุดร-นาดี,17.382271,102.753264,2,0,2,Udon Thani 
EVen,เซ็นทาราเซ็นทรัล อุดร,17.40669041,102.8004917,2,2,0,Udon Thani 
OR,PTT Station บจ.ไทยเจริญ เพทโทรล สเตชั่น,17.4051886,102.7976781,3,1,2,Udon Thani 
PEA VOLTA,PEA VOLTA บางจาก เมืองอุดรธานี,17.400516,102.800413,5,1,4,Udon Thani 
EAANYWHERE,บริษัท ดูโฮม จำกัด (มหาชน) สาขาอุดรธานี,17.473203,102.796588,3,3,0,Udon Thani 
EAANYWHERE,เอ็มจี อุดรธานี,17.331154,102.839093,2,0,2,Udon Thani 
EAANYWHERE,ปั้มน้ำมัน อุดรสยามปิโตรเลี่ยม จำกัด,17.335876,102.834987,3,3,0,Udon Thani 
EAANYWHERE,Global house อุตรดิตถ์,17.611077,100.129759,2,0,2,Uttaradit 
EAANYWHERE,บริษัท เคพี ปิโตรเลียม 111 จำกัด จ.อุตรดิตถ์,17.548806,99.956041,2,2,0,Uttaradit 
Elex by EGAT,เขื่อนสิรินธร,15.204326,105.421586,1,0,1,Ubon Ratchathani 
Elex by EGAT,บริษัท มิดวินเทอร์ จำกัด,14.61726,101.406591,3,1,2,Nakhon Ratchasima 
EVOLT,Memory Khaoyai,14.55696015,101.499881,1,1,0,Nakhon Ratchasima 
EVOLT,Toscana Valley Khaoyai,14.50714843,101.5034696,3,3,0,Nakhon Ratchasima 
OR,PTT Station บจ.พงษ์กิต สาขา 7 (บายพาส),14.98612444,102.0521814,3,1,2,Nakhon Ratchasima 
OR,PTT Station หจก.อธิรุ่งโรจน์,15.27414968,104.8048702,3,1,2,Ubon Ratchathani 
OR,PTT Station หจก.น้ำมันสยามด่านขุนทด,15.19827606,101.7635995,3,1,2,Nakhon Ratchasima 
OR,รีคอล อีส้าน อีสาน คอนเซ็ปท์ แอท,14.51349669,101.3756338,3,1,2,Nakhon Ratchasima 
OR,เทอร์มินอล 21 โคราช,14.9815603,102.088163,3,3,0,Nakhon Ratchasima 
PEA VOLTA,PEA VOLTA อุบลราชธานี,15.245727,104.824689,5,1,4,Ubon Ratchathani 
PEA VOLTA,PEA VOLTA บางจาก เมืองนครราชสีมา (มิตรภาพ กม. 141),14.957339,102.041147,5,1,4,Nakhon Ratchasima 
PEA VOLTA,PEA VOLTA บางจาก เมืองโคราช (มิตรภาพ กม. 134),14.93461,101.982751,5,1,4,Nakhon Ratchasima 
PEA VOLTA,PEA VOLTA นครราชสีมา,14.97424412,102.0835495,3,1,2,Nakhon Ratchasima 
PEA VOLTA,PEA VOLTA ปากช่อง,14.69263268,101.4057312,6,2,4,Nakhon Ratchasima 
EAANYWHERE,ร้านอาหารสวนสิริ อ.กลางดง จ.นครราชสีมา,14.644483,101.287503,3,1,2,Nakhon Ratchasima 
EAANYWHERE,บริษัท ดูโฮม จำกัด (มหาชน) สาขาอุบลราชธานี,15.212473,104.860666,3,3,0,Ubon Ratchathani 
EAANYWHERE,ESCAPE KHAO YAI HOTEL,14.567057,101.296117,4,2,2,Nakhon Ratchasima 
EAANYWHERE,Global House (นครราชสีมา),15.008553,102.124686,2,0,2,Nakhon Ratchasima 
EAANYWHERE,Global House (อุบลราชธานี),15.180998,104.825283,2,0,2,Ubon Ratchathani 
EAANYWHERE,โรงแรม เขาใหญ่ พาโนราม่า ฟาร์ม จำกัด (สำนักงานใหญ่),14.585561,101.401012,4,2,2,Nakhon Ratchasima 
EAANYWHERE,MG M2 Motorsports (จ.อุบลราชธานี),15.183089,104.8081,2,0,2,Ubon Ratchathani 